--
-- PostgreSQL database dump
--

\restrict UEpgC0cjoOcEu1bsIqimUgtajnTa5vXIPDewFnFUXqL9bgARGp1ZF951AAhewsg

-- Dumped from database version 15.17 (Debian 15.17-1.pgdg13+1)
-- Dumped by pg_dump version 15.17 (Debian 15.17-1.pgdg13+1)

SET statement_timeout = 0;
SET lock_timeout = 0;
SET idle_in_transaction_session_timeout = 0;
SET client_encoding = 'UTF8';
SET standard_conforming_strings = on;
SELECT pg_catalog.set_config('search_path', '', false);
SET check_function_bodies = false;
SET xmloption = content;
SET client_min_messages = warning;
SET row_security = off;

SET default_tablespace = '';

SET default_table_access_method = heap;

--
-- Name: academic_blockedschedule; Type: TABLE; Schema: public; Owner: byword
--

CREATE TABLE public.academic_blockedschedule (
    id bigint NOT NULL,
    created_at timestamp with time zone NOT NULL,
    updated_at timestamp with time zone NOT NULL,
    day_of_week integer NOT NULL,
    start_time time without time zone NOT NULL,
    duration_minutes integer NOT NULL,
    reason character varying(255) NOT NULL,
    is_active boolean NOT NULL,
    CONSTRAINT academic_blockedschedule_duration_minutes_check CHECK ((duration_minutes >= 0))
);


ALTER TABLE public.academic_blockedschedule OWNER TO byword;

--
-- Name: academic_blockedschedule_id_seq; Type: SEQUENCE; Schema: public; Owner: byword
--

ALTER TABLE public.academic_blockedschedule ALTER COLUMN id ADD GENERATED BY DEFAULT AS IDENTITY (
    SEQUENCE NAME public.academic_blockedschedule_id_seq
    START WITH 1
    INCREMENT BY 1
    NO MINVALUE
    NO MAXVALUE
    CACHE 1
);


--
-- Name: academic_class; Type: TABLE; Schema: public; Owner: byword
--

CREATE TABLE public.academic_class (
    id bigint NOT NULL,
    created_at timestamp with time zone NOT NULL,
    updated_at timestamp with time zone NOT NULL,
    name character varying(100) NOT NULL,
    start_date date NOT NULL,
    end_date date,
    description text NOT NULL,
    is_active boolean NOT NULL
);


ALTER TABLE public.academic_class OWNER TO byword;

--
-- Name: academic_class_id_seq; Type: SEQUENCE; Schema: public; Owner: byword
--

ALTER TABLE public.academic_class ALTER COLUMN id ADD GENERATED BY DEFAULT AS IDENTITY (
    SEQUENCE NAME public.academic_class_id_seq
    START WITH 1
    INCREMENT BY 1
    NO MINVALUE
    NO MAXVALUE
    CACHE 1
);


--
-- Name: academic_classprice; Type: TABLE; Schema: public; Owner: byword
--

CREATE TABLE public.academic_classprice (
    id bigint NOT NULL,
    created_at timestamp with time zone NOT NULL,
    updated_at timestamp with time zone NOT NULL,
    start_date date NOT NULL,
    end_date date,
    price numeric(10,2) NOT NULL,
    class_obj_id bigint NOT NULL
);


ALTER TABLE public.academic_classprice OWNER TO byword;

--
-- Name: academic_classprice_id_seq; Type: SEQUENCE; Schema: public; Owner: byword
--

ALTER TABLE public.academic_classprice ALTER COLUMN id ADD GENERATED BY DEFAULT AS IDENTITY (
    SEQUENCE NAME public.academic_classprice_id_seq
    START WITH 1
    INCREMENT BY 1
    NO MINVALUE
    NO MAXVALUE
    CACHE 1
);


--
-- Name: academic_classschedule; Type: TABLE; Schema: public; Owner: byword
--

CREATE TABLE public.academic_classschedule (
    id bigint NOT NULL,
    created_at timestamp with time zone NOT NULL,
    updated_at timestamp with time zone NOT NULL,
    day_of_week integer NOT NULL,
    start_time time without time zone NOT NULL,
    duration_minutes integer NOT NULL,
    is_active boolean NOT NULL,
    class_obj_id bigint NOT NULL,
    CONSTRAINT academic_classschedule_duration_minutes_check CHECK ((duration_minutes >= 0))
);


ALTER TABLE public.academic_classschedule OWNER TO byword;

--
-- Name: academic_classschedule_id_seq; Type: SEQUENCE; Schema: public; Owner: byword
--

ALTER TABLE public.academic_classschedule ALTER COLUMN id ADD GENERATED BY DEFAULT AS IDENTITY (
    SEQUENCE NAME public.academic_classschedule_id_seq
    START WITH 1
    INCREMENT BY 1
    NO MINVALUE
    NO MAXVALUE
    CACHE 1
);


--
-- Name: academic_enrollment; Type: TABLE; Schema: public; Owner: byword
--

CREATE TABLE public.academic_enrollment (
    id bigint NOT NULL,
    created_at timestamp with time zone NOT NULL,
    updated_at timestamp with time zone NOT NULL,
    start_date date NOT NULL,
    end_date date,
    status character varying(20) NOT NULL,
    class_obj_id bigint NOT NULL,
    student_id bigint NOT NULL
);


ALTER TABLE public.academic_enrollment OWNER TO byword;

--
-- Name: academic_enrollment_id_seq; Type: SEQUENCE; Schema: public; Owner: byword
--

ALTER TABLE public.academic_enrollment ALTER COLUMN id ADD GENERATED BY DEFAULT AS IDENTITY (
    SEQUENCE NAME public.academic_enrollment_id_seq
    START WITH 1
    INCREMENT BY 1
    NO MINVALUE
    NO MAXVALUE
    CACHE 1
);


--
-- Name: accounts_studentprofile; Type: TABLE; Schema: public; Owner: byword
--

CREATE TABLE public.accounts_studentprofile (
    id bigint NOT NULL,
    created_at timestamp with time zone NOT NULL,
    updated_at timestamp with time zone NOT NULL,
    enrollment_number character varying(50) NOT NULL,
    birth_date date,
    phone character varying(20) NOT NULL,
    is_active boolean NOT NULL,
    enrollment_date date NOT NULL,
    notes text NOT NULL,
    user_id integer NOT NULL
);


ALTER TABLE public.accounts_studentprofile OWNER TO byword;

--
-- Name: accounts_studentprofile_id_seq; Type: SEQUENCE; Schema: public; Owner: byword
--

ALTER TABLE public.accounts_studentprofile ALTER COLUMN id ADD GENERATED BY DEFAULT AS IDENTITY (
    SEQUENCE NAME public.accounts_studentprofile_id_seq
    START WITH 1
    INCREMENT BY 1
    NO MINVALUE
    NO MAXVALUE
    CACHE 1
);


--
-- Name: accounts_studentstatushistory; Type: TABLE; Schema: public; Owner: byword
--

CREATE TABLE public.accounts_studentstatushistory (
    id bigint NOT NULL,
    created_at timestamp with time zone NOT NULL,
    updated_at timestamp with time zone NOT NULL,
    start_date date NOT NULL,
    end_date date,
    status character varying(20) NOT NULL,
    reason text NOT NULL,
    student_id bigint NOT NULL
);


ALTER TABLE public.accounts_studentstatushistory OWNER TO byword;

--
-- Name: accounts_studentstatushistory_id_seq; Type: SEQUENCE; Schema: public; Owner: byword
--

ALTER TABLE public.accounts_studentstatushistory ALTER COLUMN id ADD GENERATED BY DEFAULT AS IDENTITY (
    SEQUENCE NAME public.accounts_studentstatushistory_id_seq
    START WITH 1
    INCREMENT BY 1
    NO MINVALUE
    NO MAXVALUE
    CACHE 1
);


--
-- Name: auth_group; Type: TABLE; Schema: public; Owner: byword
--

CREATE TABLE public.auth_group (
    id integer NOT NULL,
    name character varying(150) NOT NULL
);


ALTER TABLE public.auth_group OWNER TO byword;

--
-- Name: auth_group_id_seq; Type: SEQUENCE; Schema: public; Owner: byword
--

ALTER TABLE public.auth_group ALTER COLUMN id ADD GENERATED BY DEFAULT AS IDENTITY (
    SEQUENCE NAME public.auth_group_id_seq
    START WITH 1
    INCREMENT BY 1
    NO MINVALUE
    NO MAXVALUE
    CACHE 1
);


--
-- Name: auth_group_permissions; Type: TABLE; Schema: public; Owner: byword
--

CREATE TABLE public.auth_group_permissions (
    id integer NOT NULL,
    group_id integer NOT NULL,
    permission_id integer NOT NULL
);


ALTER TABLE public.auth_group_permissions OWNER TO byword;

--
-- Name: auth_group_permissions_id_seq; Type: SEQUENCE; Schema: public; Owner: byword
--

ALTER TABLE public.auth_group_permissions ALTER COLUMN id ADD GENERATED BY DEFAULT AS IDENTITY (
    SEQUENCE NAME public.auth_group_permissions_id_seq
    START WITH 1
    INCREMENT BY 1
    NO MINVALUE
    NO MAXVALUE
    CACHE 1
);


--
-- Name: auth_permission; Type: TABLE; Schema: public; Owner: byword
--

CREATE TABLE public.auth_permission (
    id integer NOT NULL,
    name character varying(255) NOT NULL,
    content_type_id integer NOT NULL,
    codename character varying(100) NOT NULL
);


ALTER TABLE public.auth_permission OWNER TO byword;

--
-- Name: auth_permission_id_seq; Type: SEQUENCE; Schema: public; Owner: byword
--

ALTER TABLE public.auth_permission ALTER COLUMN id ADD GENERATED BY DEFAULT AS IDENTITY (
    SEQUENCE NAME public.auth_permission_id_seq
    START WITH 1
    INCREMENT BY 1
    NO MINVALUE
    NO MAXVALUE
    CACHE 1
);


--
-- Name: auth_user; Type: TABLE; Schema: public; Owner: byword
--

CREATE TABLE public.auth_user (
    id integer NOT NULL,
    password character varying(128) NOT NULL,
    last_login timestamp with time zone,
    is_superuser boolean NOT NULL,
    username character varying(150) NOT NULL,
    first_name character varying(150) NOT NULL,
    last_name character varying(150) NOT NULL,
    email character varying(254) NOT NULL,
    is_staff boolean NOT NULL,
    is_active boolean NOT NULL,
    date_joined timestamp with time zone NOT NULL
);


ALTER TABLE public.auth_user OWNER TO byword;

--
-- Name: auth_user_groups; Type: TABLE; Schema: public; Owner: byword
--

CREATE TABLE public.auth_user_groups (
    id integer NOT NULL,
    user_id integer NOT NULL,
    group_id integer NOT NULL
);


ALTER TABLE public.auth_user_groups OWNER TO byword;

--
-- Name: auth_user_groups_id_seq; Type: SEQUENCE; Schema: public; Owner: byword
--

ALTER TABLE public.auth_user_groups ALTER COLUMN id ADD GENERATED BY DEFAULT AS IDENTITY (
    SEQUENCE NAME public.auth_user_groups_id_seq
    START WITH 1
    INCREMENT BY 1
    NO MINVALUE
    NO MAXVALUE
    CACHE 1
);


--
-- Name: auth_user_id_seq; Type: SEQUENCE; Schema: public; Owner: byword
--

ALTER TABLE public.auth_user ALTER COLUMN id ADD GENERATED BY DEFAULT AS IDENTITY (
    SEQUENCE NAME public.auth_user_id_seq
    START WITH 1
    INCREMENT BY 1
    NO MINVALUE
    NO MAXVALUE
    CACHE 1
);


--
-- Name: auth_user_user_permissions; Type: TABLE; Schema: public; Owner: byword
--

CREATE TABLE public.auth_user_user_permissions (
    id integer NOT NULL,
    user_id integer NOT NULL,
    permission_id integer NOT NULL
);


ALTER TABLE public.auth_user_user_permissions OWNER TO byword;

--
-- Name: auth_user_user_permissions_id_seq; Type: SEQUENCE; Schema: public; Owner: byword
--

ALTER TABLE public.auth_user_user_permissions ALTER COLUMN id ADD GENERATED BY DEFAULT AS IDENTITY (
    SEQUENCE NAME public.auth_user_user_permissions_id_seq
    START WITH 1
    INCREMENT BY 1
    NO MINVALUE
    NO MAXVALUE
    CACHE 1
);


--
-- Name: byword_activity; Type: TABLE; Schema: public; Owner: byword
--

CREATE TABLE public.byword_activity (
    id bigint NOT NULL,
    created_at timestamp with time zone NOT NULL,
    lesson_id bigint NOT NULL,
    generated_file character varying(100)
);


ALTER TABLE public.byword_activity OWNER TO byword;

--
-- Name: byword_activity_id_seq; Type: SEQUENCE; Schema: public; Owner: byword
--

ALTER TABLE public.byword_activity ALTER COLUMN id ADD GENERATED BY DEFAULT AS IDENTITY (
    SEQUENCE NAME public.byword_activity_id_seq
    START WITH 1
    INCREMENT BY 1
    NO MINVALUE
    NO MAXVALUE
    CACHE 1
);


--
-- Name: byword_activityimage; Type: TABLE; Schema: public; Owner: byword
--

CREATE TABLE public.byword_activityimage (
    id bigint NOT NULL,
    subtitle character varying(200) NOT NULL,
    image character varying(100) NOT NULL,
    created_at timestamp with time zone NOT NULL,
    lesson_id bigint NOT NULL
);


ALTER TABLE public.byword_activityimage OWNER TO byword;

--
-- Name: byword_activityimage_id_seq; Type: SEQUENCE; Schema: public; Owner: byword
--

ALTER TABLE public.byword_activityimage ALTER COLUMN id ADD GENERATED BY DEFAULT AS IDENTITY (
    SEQUENCE NAME public.byword_activityimage_id_seq
    START WITH 1
    INCREMENT BY 1
    NO MINVALUE
    NO MAXVALUE
    CACHE 1
);


--
-- Name: byword_activityitem; Type: TABLE; Schema: public; Owner: byword
--

CREATE TABLE public.byword_activityitem (
    id bigint NOT NULL,
    "order" integer NOT NULL,
    activity_id bigint NOT NULL,
    content_type_id integer NOT NULL,
    object_id integer,
    CONSTRAINT byword_activityitem_object_id_check CHECK ((object_id >= 0)),
    CONSTRAINT byword_activityitem_order_check CHECK (("order" >= 0))
);


ALTER TABLE public.byword_activityitem OWNER TO byword;

--
-- Name: byword_activityitem_id_seq; Type: SEQUENCE; Schema: public; Owner: byword
--

ALTER TABLE public.byword_activityitem ALTER COLUMN id ADD GENERATED BY DEFAULT AS IDENTITY (
    SEQUENCE NAME public.byword_activityitem_id_seq
    START WITH 1
    INCREMENT BY 1
    NO MINVALUE
    NO MAXVALUE
    CACHE 1
);


--
-- Name: byword_completethesentence; Type: TABLE; Schema: public; Owner: byword
--

CREATE TABLE public.byword_completethesentence (
    id bigint NOT NULL,
    subtitle character varying(150) NOT NULL,
    sentences text NOT NULL,
    sentences_mask text NOT NULL,
    image character varying(100),
    notes text,
    created_at timestamp with time zone NOT NULL,
    lesson_id bigint NOT NULL,
    generate_hints boolean NOT NULL
);


ALTER TABLE public.byword_completethesentence OWNER TO byword;

--
-- Name: byword_completethesentence_id_seq; Type: SEQUENCE; Schema: public; Owner: byword
--

ALTER TABLE public.byword_completethesentence ALTER COLUMN id ADD GENERATED BY DEFAULT AS IDENTITY (
    SEQUENCE NAME public.byword_completethesentence_id_seq
    START WITH 1
    INCREMENT BY 1
    NO MINVALUE
    NO MAXVALUE
    CACHE 1
);


--
-- Name: byword_crossword; Type: TABLE; Schema: public; Owner: byword
--

CREATE TABLE public.byword_crossword (
    id bigint NOT NULL
);


ALTER TABLE public.byword_crossword OWNER TO byword;

--
-- Name: byword_crossword_id_seq; Type: SEQUENCE; Schema: public; Owner: byword
--

ALTER TABLE public.byword_crossword ALTER COLUMN id ADD GENERATED BY DEFAULT AS IDENTITY (
    SEQUENCE NAME public.byword_crossword_id_seq
    START WITH 1
    INCREMENT BY 1
    NO MINVALUE
    NO MAXVALUE
    CACHE 1
);


--
-- Name: byword_dictionary; Type: TABLE; Schema: public; Owner: byword
--

CREATE TABLE public.byword_dictionary (
    id bigint NOT NULL,
    verb_en character varying(150) NOT NULL,
    translation character varying(270) NOT NULL,
    created_at timestamp with time zone NOT NULL,
    subtitle character varying(150) NOT NULL
);


ALTER TABLE public.byword_dictionary OWNER TO byword;

--
-- Name: byword_dictionary_id_seq; Type: SEQUENCE; Schema: public; Owner: byword
--

ALTER TABLE public.byword_dictionary ALTER COLUMN id ADD GENERATED BY DEFAULT AS IDENTITY (
    SEQUENCE NAME public.byword_dictionary_id_seq
    START WITH 1
    INCREMENT BY 1
    NO MINVALUE
    NO MAXVALUE
    CACHE 1
);


--
-- Name: byword_dictionaryoccurrence; Type: TABLE; Schema: public; Owner: byword
--

CREATE TABLE public.byword_dictionaryoccurrence (
    id bigint NOT NULL,
    origin character varying(20) NOT NULL,
    object_id integer NOT NULL,
    created_at timestamp with time zone NOT NULL,
    content_type_id integer NOT NULL,
    dictionary_id bigint NOT NULL,
    lesson_id bigint NOT NULL,
    CONSTRAINT byword_dictionaryoccurrence_object_id_check CHECK ((object_id >= 0))
);


ALTER TABLE public.byword_dictionaryoccurrence OWNER TO byword;

--
-- Name: byword_dictionaryoccurrence_id_seq; Type: SEQUENCE; Schema: public; Owner: byword
--

ALTER TABLE public.byword_dictionaryoccurrence ALTER COLUMN id ADD GENERATED BY DEFAULT AS IDENTITY (
    SEQUENCE NAME public.byword_dictionaryoccurrence_id_seq
    START WITH 1
    INCREMENT BY 1
    NO MINVALUE
    NO MAXVALUE
    CACHE 1
);


--
-- Name: byword_lesson; Type: TABLE; Schema: public; Owner: byword
--

CREATE TABLE public.byword_lesson (
    id bigint NOT NULL,
    number integer NOT NULL,
    name character varying(70) NOT NULL,
    CONSTRAINT byword_lesson_number_check CHECK ((number >= 0))
);


ALTER TABLE public.byword_lesson OWNER TO byword;

--
-- Name: byword_lesson_id_seq; Type: SEQUENCE; Schema: public; Owner: byword
--

ALTER TABLE public.byword_lesson ALTER COLUMN id ADD GENERATED BY DEFAULT AS IDENTITY (
    SEQUENCE NAME public.byword_lesson_id_seq
    START WITH 1
    INCREMENT BY 1
    NO MINVALUE
    NO MAXVALUE
    CACHE 1
);


--
-- Name: byword_lessontext; Type: TABLE; Schema: public; Owner: byword
--

CREATE TABLE public.byword_lessontext (
    id bigint NOT NULL,
    title character varying(150) NOT NULL,
    text text NOT NULL,
    lesson_id bigint NOT NULL,
    subtitle character varying(150) NOT NULL
);


ALTER TABLE public.byword_lessontext OWNER TO byword;

--
-- Name: byword_music; Type: TABLE; Schema: public; Owner: byword
--

CREATE TABLE public.byword_music (
    id bigint NOT NULL,
    title character varying(150) NOT NULL,
    author character varying(150),
    youtube_url character varying(200) NOT NULL,
    spotify_url character varying(200) NOT NULL,
    lyrics text NOT NULL,
    lyrics_spaces text NOT NULL,
    lesson_id bigint,
    subtitle character varying(150) NOT NULL,
    ignored_words text NOT NULL
);


ALTER TABLE public.byword_music OWNER TO byword;

--
-- Name: byword_music_id_seq; Type: SEQUENCE; Schema: public; Owner: byword
--

ALTER TABLE public.byword_music ALTER COLUMN id ADD GENERATED BY DEFAULT AS IDENTITY (
    SEQUENCE NAME public.byword_music_id_seq
    START WITH 1
    INCREMENT BY 1
    NO MINVALUE
    NO MAXVALUE
    CACHE 1
);


--
-- Name: byword_reference; Type: TABLE; Schema: public; Owner: byword
--

CREATE TABLE public.byword_reference (
    id bigint NOT NULL,
    reference character varying(250) NOT NULL,
    book character varying(50),
    chapter integer,
    verse integer,
    notes text,
    created_at timestamp with time zone NOT NULL,
    lesson_id bigint NOT NULL,
    subtitle character varying(150),
    CONSTRAINT byword_reference_chapter_check CHECK ((chapter >= 0)),
    CONSTRAINT byword_reference_verse_check CHECK ((verse >= 0))
);


ALTER TABLE public.byword_reference OWNER TO byword;

--
-- Name: byword_reference_id_seq; Type: SEQUENCE; Schema: public; Owner: byword
--

ALTER TABLE public.byword_reference ALTER COLUMN id ADD GENERATED BY DEFAULT AS IDENTITY (
    SEQUENCE NAME public.byword_reference_id_seq
    START WITH 1
    INCREMENT BY 1
    NO MINVALUE
    NO MAXVALUE
    CACHE 1
);


--
-- Name: byword_scramblesentence; Type: TABLE; Schema: public; Owner: byword
--

CREATE TABLE public.byword_scramblesentence (
    id bigint NOT NULL,
    subtitle character varying(150) DEFAULT 'Scramble Sentences'::character varying,
    original_text text NOT NULL,
    scrambled_text text NOT NULL,
    created_at timestamp with time zone NOT NULL,
    lesson_id bigint NOT NULL
);


ALTER TABLE public.byword_scramblesentence OWNER TO byword;

--
-- Name: byword_scramblesentence_id_seq; Type: SEQUENCE; Schema: public; Owner: byword
--

ALTER TABLE public.byword_scramblesentence ALTER COLUMN id ADD GENERATED BY DEFAULT AS IDENTITY (
    SEQUENCE NAME public.byword_scramblesentence_id_seq
    START WITH 1
    INCREMENT BY 1
    NO MINVALUE
    NO MAXVALUE
    CACHE 1
);


--
-- Name: byword_scrambleword; Type: TABLE; Schema: public; Owner: byword
--

CREATE TABLE public.byword_scrambleword (
    id bigint NOT NULL,
    texto_original character varying(270) NOT NULL,
    texto_embaralhado text NOT NULL,
    criado_em timestamp with time zone NOT NULL,
    titulo character varying(70),
    lesson_id bigint,
    subtitle character varying(150) NOT NULL
);


ALTER TABLE public.byword_scrambleword OWNER TO byword;

--
-- Name: byword_scrambleword_id_seq; Type: SEQUENCE; Schema: public; Owner: byword
--

ALTER TABLE public.byword_scrambleword ALTER COLUMN id ADD GENERATED BY DEFAULT AS IDENTITY (
    SEQUENCE NAME public.byword_scrambleword_id_seq
    START WITH 1
    INCREMENT BY 1
    NO MINVALUE
    NO MAXVALUE
    CACHE 1
);


--
-- Name: byword_slide_id_seq; Type: SEQUENCE; Schema: public; Owner: byword
--

ALTER TABLE public.byword_lessontext ALTER COLUMN id ADD GENERATED BY DEFAULT AS IDENTITY (
    SEQUENCE NAME public.byword_slide_id_seq
    START WITH 1
    INCREMENT BY 1
    NO MINVALUE
    NO MAXVALUE
    CACHE 1
);


--
-- Name: byword_verse; Type: TABLE; Schema: public; Owner: byword
--

CREATE TABLE public.byword_verse (
    id bigint NOT NULL,
    number integer NOT NULL,
    original_text text NOT NULL,
    masked_text text NOT NULL,
    notes text,
    created_at timestamp with time zone NOT NULL,
    lesson_id bigint NOT NULL,
    reference_id bigint NOT NULL,
    subtitle character varying(150) NOT NULL,
    CONSTRAINT byword_verse_number_check CHECK ((number >= 0))
);


ALTER TABLE public.byword_verse OWNER TO byword;

--
-- Name: byword_verse_id_seq; Type: SEQUENCE; Schema: public; Owner: byword
--

ALTER TABLE public.byword_verse ALTER COLUMN id ADD GENERATED BY DEFAULT AS IDENTITY (
    SEQUENCE NAME public.byword_verse_id_seq
    START WITH 1
    INCREMENT BY 1
    NO MINVALUE
    NO MAXVALUE
    CACHE 1
);


--
-- Name: byword_word; Type: TABLE; Schema: public; Owner: byword
--

CREATE TABLE public.byword_word (
    id bigint NOT NULL,
    text character varying(50) NOT NULL,
    normalized character varying(50) NOT NULL,
    wordsearch_id bigint NOT NULL
);


ALTER TABLE public.byword_word OWNER TO byword;

--
-- Name: byword_word_id_seq; Type: SEQUENCE; Schema: public; Owner: byword
--

ALTER TABLE public.byword_word ALTER COLUMN id ADD GENERATED BY DEFAULT AS IDENTITY (
    SEQUENCE NAME public.byword_word_id_seq
    START WITH 1
    INCREMENT BY 1
    NO MINVALUE
    NO MAXVALUE
    CACHE 1
);


--
-- Name: byword_wordsearch; Type: TABLE; Schema: public; Owner: byword
--

CREATE TABLE public.byword_wordsearch (
    id bigint NOT NULL,
    name character varying(100) NOT NULL,
    rows integer NOT NULL,
    cols integer NOT NULL,
    grid jsonb,
    solution jsonb,
    created_at timestamp with time zone NOT NULL,
    lesson_id bigint,
    subtitle character varying(150) NOT NULL,
    CONSTRAINT byword_wordsearch_cols_check CHECK ((cols >= 0)),
    CONSTRAINT byword_wordsearch_rows_check CHECK ((rows >= 0))
);


ALTER TABLE public.byword_wordsearch OWNER TO byword;

--
-- Name: byword_wordsearch_id_seq; Type: SEQUENCE; Schema: public; Owner: byword
--

ALTER TABLE public.byword_wordsearch ALTER COLUMN id ADD GENERATED BY DEFAULT AS IDENTITY (
    SEQUENCE NAME public.byword_wordsearch_id_seq
    START WITH 1
    INCREMENT BY 1
    NO MINVALUE
    NO MAXVALUE
    CACHE 1
);


--
-- Name: django_admin_log; Type: TABLE; Schema: public; Owner: byword
--

CREATE TABLE public.django_admin_log (
    id integer NOT NULL,
    action_time timestamp with time zone NOT NULL,
    object_id text,
    object_repr character varying(200) NOT NULL,
    action_flag smallint NOT NULL,
    change_message text NOT NULL,
    content_type_id integer,
    user_id integer NOT NULL,
    CONSTRAINT django_admin_log_action_flag_check CHECK ((action_flag >= 0))
);


ALTER TABLE public.django_admin_log OWNER TO byword;

--
-- Name: django_admin_log_id_seq; Type: SEQUENCE; Schema: public; Owner: byword
--

ALTER TABLE public.django_admin_log ALTER COLUMN id ADD GENERATED BY DEFAULT AS IDENTITY (
    SEQUENCE NAME public.django_admin_log_id_seq
    START WITH 1
    INCREMENT BY 1
    NO MINVALUE
    NO MAXVALUE
    CACHE 1
);


--
-- Name: django_content_type; Type: TABLE; Schema: public; Owner: byword
--

CREATE TABLE public.django_content_type (
    id integer NOT NULL,
    app_label character varying(100) NOT NULL,
    model character varying(100) NOT NULL
);


ALTER TABLE public.django_content_type OWNER TO byword;

--
-- Name: django_content_type_id_seq; Type: SEQUENCE; Schema: public; Owner: byword
--

ALTER TABLE public.django_content_type ALTER COLUMN id ADD GENERATED BY DEFAULT AS IDENTITY (
    SEQUENCE NAME public.django_content_type_id_seq
    START WITH 1
    INCREMENT BY 1
    NO MINVALUE
    NO MAXVALUE
    CACHE 1
);


--
-- Name: django_migrations; Type: TABLE; Schema: public; Owner: byword
--

CREATE TABLE public.django_migrations (
    id integer NOT NULL,
    app character varying(255) NOT NULL,
    name character varying(255) NOT NULL,
    applied timestamp with time zone NOT NULL
);


ALTER TABLE public.django_migrations OWNER TO byword;

--
-- Name: django_migrations_id_seq; Type: SEQUENCE; Schema: public; Owner: byword
--

ALTER TABLE public.django_migrations ALTER COLUMN id ADD GENERATED BY DEFAULT AS IDENTITY (
    SEQUENCE NAME public.django_migrations_id_seq
    START WITH 1
    INCREMENT BY 1
    NO MINVALUE
    NO MAXVALUE
    CACHE 1
);


--
-- Name: django_session; Type: TABLE; Schema: public; Owner: byword
--

CREATE TABLE public.django_session (
    session_key character varying(40) NOT NULL,
    session_data text NOT NULL,
    expire_date timestamp with time zone NOT NULL
);


ALTER TABLE public.django_session OWNER TO byword;

--
-- Name: finance_financialstatus; Type: TABLE; Schema: public; Owner: byword
--

CREATE TABLE public.finance_financialstatus (
    id bigint NOT NULL,
    created_at timestamp with time zone NOT NULL,
    updated_at timestamp with time zone NOT NULL,
    start_date date NOT NULL,
    end_date date,
    status character varying(20) NOT NULL,
    reference_month date NOT NULL,
    notes text NOT NULL,
    student_id bigint NOT NULL
);


ALTER TABLE public.finance_financialstatus OWNER TO byword;

--
-- Name: finance_financialstatus_id_seq; Type: SEQUENCE; Schema: public; Owner: byword
--

ALTER TABLE public.finance_financialstatus ALTER COLUMN id ADD GENERATED BY DEFAULT AS IDENTITY (
    SEQUENCE NAME public.finance_financialstatus_id_seq
    START WITH 1
    INCREMENT BY 1
    NO MINVALUE
    NO MAXVALUE
    CACHE 1
);


--
-- Name: finance_payment; Type: TABLE; Schema: public; Owner: byword
--

CREATE TABLE public.finance_payment (
    id bigint NOT NULL,
    created_at timestamp with time zone NOT NULL,
    updated_at timestamp with time zone NOT NULL,
    amount numeric(10,2) NOT NULL,
    payment_date date NOT NULL,
    reference_month date NOT NULL,
    payment_method character varying(20) NOT NULL,
    status character varying(20) NOT NULL,
    transaction_id character varying(100) NOT NULL,
    notes text NOT NULL,
    class_obj_id bigint,
    student_id bigint NOT NULL
);


ALTER TABLE public.finance_payment OWNER TO byword;

--
-- Name: finance_payment_id_seq; Type: SEQUENCE; Schema: public; Owner: byword
--

ALTER TABLE public.finance_payment ALTER COLUMN id ADD GENERATED BY DEFAULT AS IDENTITY (
    SEQUENCE NAME public.finance_payment_id_seq
    START WITH 1
    INCREMENT BY 1
    NO MINVALUE
    NO MAXVALUE
    CACHE 1
);


--
-- Data for Name: academic_blockedschedule; Type: TABLE DATA; Schema: public; Owner: byword
--

COPY public.academic_blockedschedule (id, created_at, updated_at, day_of_week, start_time, duration_minutes, reason, is_active) FROM stdin;
3	2026-05-02 13:31:55.419307+00	2026-05-02 22:01:57.150151+00	3	08:00:00	360	Morning and Lunch time	t
5	2026-05-02 13:31:55.429473+00	2026-05-02 22:02:26.141708+00	5	08:00:00	360	Morning and Lunch time	t
6	2026-05-02 13:31:55.434358+00	2026-05-02 22:02:48.991231+00	6	08:00:00	360	Morning and Lunch time	t
2	2026-05-02 13:31:55.412545+00	2026-05-03 00:16:43.405022+00	2	08:00:00	360	Morning and Lunch time	t
4	2026-05-02 13:31:55.424559+00	2026-05-03 00:17:08.528156+00	4	08:00:00	360	Morning and Lunch time	t
1	2026-05-02 13:25:45.977749+00	2026-05-03 00:20:32.661297+00	7	12:00:00	360	Sábado a tarde livre	t
\.


--
-- Data for Name: academic_class; Type: TABLE DATA; Schema: public; Owner: byword
--

COPY public.academic_class (id, created_at, updated_at, name, start_date, end_date, description, is_active) FROM stdin;
1	2026-05-01 17:55:07.51818+00	2026-05-02 22:00:42.628806+00	Pr. Luciano PIB Natividade	2026-01-01	\N		t
2	2026-05-02 21:33:35.114655+00	2026-05-02 22:03:15.595497+00	Isa	2026-05-02	\N		t
\.


--
-- Data for Name: academic_classprice; Type: TABLE DATA; Schema: public; Owner: byword
--

COPY public.academic_classprice (id, created_at, updated_at, start_date, end_date, price, class_obj_id) FROM stdin;
1	2026-05-01 17:55:07.518912+00	2026-05-01 17:55:07.518917+00	2026-01-01	\N	150.00	1
2	2026-05-02 21:34:07.796118+00	2026-05-02 21:34:07.796123+00	2026-05-02	\N	150.00	2
\.


--
-- Data for Name: academic_classschedule; Type: TABLE DATA; Schema: public; Owner: byword
--

COPY public.academic_classschedule (id, created_at, updated_at, day_of_week, start_time, duration_minutes, is_active, class_obj_id) FROM stdin;
1	2026-05-02 13:20:39.444991+00	2026-05-02 22:00:42.629128+00	2	16:00:00	45	t	1
2	2026-05-02 22:00:16.937663+00	2026-05-03 00:04:30.068713+00	3	15:00:00	45	t	2
\.


--
-- Data for Name: academic_enrollment; Type: TABLE DATA; Schema: public; Owner: byword
--

COPY public.academic_enrollment (id, created_at, updated_at, start_date, end_date, status, class_obj_id, student_id) FROM stdin;
1	2026-05-01 17:57:56.444726+00	2026-05-01 18:01:23.899518+00	2026-01-01	\N	active	1	1
\.


--
-- Data for Name: accounts_studentprofile; Type: TABLE DATA; Schema: public; Owner: byword
--

COPY public.accounts_studentprofile (id, created_at, updated_at, enrollment_number, birth_date, phone, is_active, enrollment_date, notes, user_id) FROM stdin;
1	2026-05-01 17:57:16.141557+00	2026-05-01 17:57:16.141566+00	101	\N		t	2026-05-01	Aulas nas segundas das 16 às 16:45h	5
\.


--
-- Data for Name: accounts_studentstatushistory; Type: TABLE DATA; Schema: public; Owner: byword
--

COPY public.accounts_studentstatushistory (id, created_at, updated_at, start_date, end_date, status, reason, student_id) FROM stdin;
1	2026-05-01 17:57:16.141994+00	2026-05-01 17:57:16.141998+00	2026-01-01	\N	active		1
\.


--
-- Data for Name: auth_group; Type: TABLE DATA; Schema: public; Owner: byword
--

COPY public.auth_group (id, name) FROM stdin;
2	ADM
3	Academic
4	Student
1	ByWord
\.


--
-- Data for Name: auth_group_permissions; Type: TABLE DATA; Schema: public; Owner: byword
--

COPY public.auth_group_permissions (id, group_id, permission_id) FROM stdin;
1	1	32
2	1	33
3	1	34
4	1	35
5	1	36
6	1	25
7	1	26
8	1	27
9	1	28
10	1	29
11	1	30
12	1	31
13	2	37
14	2	38
15	2	39
16	2	40
17	2	41
18	2	42
19	2	43
20	2	44
21	2	45
22	2	46
23	2	47
24	2	48
25	2	49
26	2	50
27	2	51
28	2	52
29	2	53
30	2	54
31	2	55
32	2	56
33	2	57
34	2	58
35	2	59
36	2	60
37	2	61
38	2	62
39	2	63
40	2	64
41	3	45
42	3	46
43	3	47
44	3	48
45	3	49
46	3	50
47	3	51
48	3	52
49	3	53
50	3	54
51	3	55
52	3	56
53	3	65
54	3	66
55	3	67
56	3	68
57	3	69
58	3	70
59	3	71
60	3	72
61	3	73
62	3	74
63	3	75
64	3	76
65	3	77
66	1	78
67	1	79
68	1	80
69	1	81
70	1	82
71	1	83
72	1	84
73	1	85
74	1	86
75	1	87
76	1	88
77	1	89
78	1	90
79	1	91
80	1	92
81	1	93
82	1	94
83	1	95
84	1	96
85	1	97
86	1	98
87	1	99
88	1	100
89	1	101
90	1	102
91	1	103
92	1	104
93	1	105
94	1	106
95	1	107
96	1	108
97	1	109
98	1	110
99	1	111
100	1	112
101	1	113
102	1	114
103	1	115
104	1	116
105	1	117
\.


--
-- Data for Name: auth_permission; Type: TABLE DATA; Schema: public; Owner: byword
--

COPY public.auth_permission (id, name, content_type_id, codename) FROM stdin;
1	Can add log entry	1	add_logentry
2	Can change log entry	1	change_logentry
3	Can delete log entry	1	delete_logentry
4	Can view log entry	1	view_logentry
5	Can add permission	2	add_permission
6	Can change permission	2	change_permission
7	Can delete permission	2	delete_permission
8	Can view permission	2	view_permission
9	Can add group	3	add_group
10	Can change group	3	change_group
11	Can delete group	3	delete_group
12	Can view group	3	view_group
13	Can add user	4	add_user
14	Can change user	4	change_user
15	Can delete user	4	delete_user
16	Can view user	4	view_user
17	Can add content type	5	add_contenttype
18	Can change content type	5	change_contenttype
19	Can delete content type	5	delete_contenttype
20	Can view content type	5	view_contenttype
21	Can add session	6	add_session
22	Can change session	6	change_session
23	Can delete session	6	delete_session
24	Can view session	6	view_session
25	Can add word search	7	add_wordsearch
26	Can change word search	7	change_wordsearch
27	Can delete word search	7	delete_wordsearch
28	Can view word search	7	view_wordsearch
29	Can add word	8	add_word
30	Can change word	8	change_word
31	Can delete word	8	delete_word
32	Can view word	8	view_word
33	Can add scramble word	9	add_scrambleword
34	Can change scramble word	9	change_scrambleword
35	Can delete scramble word	9	delete_scrambleword
36	Can view scramble word	9	view_scrambleword
37	Can add student profile	10	add_studentprofile
38	Can change student profile	10	change_studentprofile
39	Can delete student profile	10	delete_studentprofile
40	Can view student profile	10	view_studentprofile
41	Can add student status history	11	add_studentstatushistory
42	Can change student status history	11	change_studentstatushistory
43	Can delete student status history	11	delete_studentstatushistory
44	Can view student status history	11	view_studentstatushistory
45	Can add enrollment	12	add_enrollment
46	Can change enrollment	12	change_enrollment
47	Can delete enrollment	12	delete_enrollment
48	Can view enrollment	12	view_enrollment
49	Can add class	13	add_class
50	Can change class	13	change_class
51	Can delete class	13	delete_class
52	Can view class	13	view_class
53	Can add class price	14	add_classprice
54	Can change class price	14	change_classprice
55	Can delete class price	14	delete_classprice
56	Can view class price	14	view_classprice
57	Can add financial status	15	add_financialstatus
58	Can change financial status	15	change_financialstatus
59	Can delete financial status	15	delete_financialstatus
60	Can view financial status	15	view_financialstatus
61	Can add payment	16	add_payment
62	Can change payment	16	change_payment
63	Can delete payment	16	delete_payment
64	Can view payment	16	view_payment
65	Can add blocked schedule	17	add_blockedschedule
66	Can change blocked schedule	17	change_blockedschedule
67	Can delete blocked schedule	17	delete_blockedschedule
68	Can view blocked schedule	17	view_blockedschedule
69	Can add class schedule	18	add_classschedule
70	Can change class schedule	18	change_classschedule
71	Can delete class schedule	18	delete_classschedule
72	Can view class schedule	18	view_classschedule
73	Can add Weekly Schedule	19	add_weeklyscheduleproxy
74	Can change Weekly Schedule	19	change_weeklyscheduleproxy
75	Can delete Weekly Schedule	19	delete_weeklyscheduleproxy
76	Can view Weekly Schedule	19	view_weeklyscheduleproxy
77	Can view weekly schedule	19	view_schedule
78	Can add slide	20	add_slide
79	Can change slide	20	change_slide
80	Can delete slide	20	delete_slide
81	Can view slide	20	view_slide
82	Can add dictionary	21	add_dictionary
83	Can change dictionary	21	change_dictionary
84	Can delete dictionary	21	delete_dictionary
85	Can view dictionary	21	view_dictionary
86	Can add music	22	add_music
87	Can change music	22	change_music
88	Can delete music	22	delete_music
89	Can view music	22	view_music
90	Can add lesson text	20	add_lessontext
91	Can change lesson text	20	change_lessontext
92	Can delete lesson text	20	delete_lessontext
93	Can view lesson text	20	view_lessontext
94	Can add dictionary occurrence	23	add_dictionaryoccurrence
95	Can change dictionary occurrence	23	change_dictionaryoccurrence
96	Can delete dictionary occurrence	23	delete_dictionaryoccurrence
97	Can view dictionary occurrence	23	view_dictionaryoccurrence
98	Can add lesson	24	add_lesson
99	Can change lesson	24	change_lesson
100	Can delete lesson	24	delete_lesson
101	Can view lesson	24	view_lesson
102	Can add activity item	25	add_activityitem
103	Can change activity item	25	change_activityitem
104	Can delete activity item	25	delete_activityitem
105	Can view activity item	25	view_activityitem
106	Can add activity	26	add_activity
107	Can change activity	26	change_activity
108	Can delete activity	26	delete_activity
109	Can view activity	26	view_activity
110	Can add verse	27	add_verse
111	Can change verse	27	change_verse
112	Can delete verse	27	delete_verse
113	Can view verse	27	view_verse
114	Can add reference	28	add_reference
115	Can change reference	28	change_reference
116	Can delete reference	28	delete_reference
117	Can view reference	28	view_reference
118	Can add Complete the Sentence	29	add_completethesentence
119	Can change Complete the Sentence	29	change_completethesentence
120	Can delete Complete the Sentence	29	delete_completethesentence
121	Can view Complete the Sentence	29	view_completethesentence
122	Can add crossword	30	add_crossword
123	Can change crossword	30	change_crossword
124	Can delete crossword	30	delete_crossword
125	Can view crossword	30	view_crossword
126	Can add Activity Image	31	add_activityimage
127	Can change Activity Image	31	change_activityimage
128	Can delete Activity Image	31	delete_activityimage
129	Can view Activity Image	31	view_activityimage
130	Can add Scramble Sentence	32	add_scramblesentence
131	Can change Scramble Sentence	32	change_scramblesentence
132	Can delete Scramble Sentence	32	delete_scramblesentence
133	Can view Scramble Sentence	32	view_scramblesentence
\.


--
-- Data for Name: auth_user; Type: TABLE DATA; Schema: public; Owner: byword
--

COPY public.auth_user (id, password, last_login, is_superuser, username, first_name, last_name, email, is_staff, is_active, date_joined) FROM stdin;
4	pbkdf2_sha256$1000000$TOcO3gd4bRtU6fHmNL2FiG$ob2iyCC2xBI4Q7jDfQ71IXLAmlzZg48LX3qC++D/T4E=	\N	t	edivano	Edivano	Mittelstädt	edivano.sousa@tjto.jus.br	t	t	2026-05-01 17:50:00+00
5	pbkdf2_sha256$1000000$3wFuoBcc4IsF5Q9w8Bvvbg$rcQpBEhUSYN9cRZrhVHtxL84UI8ATiwQwSjPARBBN6o=	\N	f	Luciano	Pr. Luciano			f	t	2026-05-01 17:55:40+00
3	pbkdf2_sha256$1000000$YBh08WNu9JxMu0P5ho1FIH$s0B+urIkEXQsiKsUIHvvlXEA+8chqJOlw79DMbDZpRo=	2026-05-03 00:51:41.774955+00	f	raquel	Raquel	C. D. Mittelstädt	rachelle.y7@gmail.com	t	t	2026-05-01 17:45:28+00
1	pbkdf2_sha256$1000000$Q5JlafkIRas3G6FIC8g5sx$liKSaHu2MERhW3D/FA6qXZhy850FePzwClA+xDCHJfE=	2026-05-20 12:01:04.70903+00	t	admin			edivano@gmail.com	t	t	2026-04-27 11:44:35.057348+00
\.


--
-- Data for Name: auth_user_groups; Type: TABLE DATA; Schema: public; Owner: byword
--

COPY public.auth_user_groups (id, user_id, group_id) FROM stdin;
1	3	1
2	3	3
\.


--
-- Data for Name: auth_user_user_permissions; Type: TABLE DATA; Schema: public; Owner: byword
--

COPY public.auth_user_user_permissions (id, user_id, permission_id) FROM stdin;
\.


--
-- Data for Name: byword_activity; Type: TABLE DATA; Schema: public; Owner: byword
--

COPY public.byword_activity (id, created_at, lesson_id, generated_file) FROM stdin;
4	2026-05-06 23:45:22.705459+00	13	\N
6	2026-05-07 17:28:01.249573+00	14	\N
7	2026-05-08 02:10:43.537136+00	7	\N
5	2026-05-07 10:15:15.506201+00	2	\N
1	2026-05-06 06:37:25.574622+00	1	statics/activity/generated/lesson_1.docx
\.


--
-- Data for Name: byword_activityimage; Type: TABLE DATA; Schema: public; Owner: byword
--

COPY public.byword_activityimage (id, subtitle, image, created_at, lesson_id) FROM stdin;
1	I+you=we!	statics/activity/img_item/Imagem_teste_01.png	2026-05-11 13:49:34.178721+00	1
\.


--
-- Data for Name: byword_activityitem; Type: TABLE DATA; Schema: public; Owner: byword
--

COPY public.byword_activityitem (id, "order", activity_id, content_type_id, object_id) FROM stdin;
23	1	5	28	\N
24	2	5	21	\N
6	1	4	21	\N
7	2	4	9	\N
8	3	4	7	\N
9	7	4	22	\N
25	3	5	29	\N
19	1	1	28	\N
4	4	1	29	1
26	6	1	29	2
27	5	1	31	\N
2	8	1	9	12
28	7	1	29	3
29	10	1	27	2
22	11	1	7	1
30	9	1	32	\N
20	3	1	27	\N
12	1	6	21	\N
13	2	6	9	\N
14	3	6	7	\N
15	7	6	22	\N
16	1	7	21	\N
17	2	7	9	\N
18	3	7	7	\N
1	2	1	21	\N
\.


--
-- Data for Name: byword_completethesentence; Type: TABLE DATA; Schema: public; Owner: byword
--

COPY public.byword_completethesentence (id, subtitle, sentences, sentences_mask, image, notes, created_at, lesson_id, generate_hints) FROM stdin;
3	Going deeper	You *are* at the beginning of this course.     You’*re*  a beginner.\r\nI *am* at the beginning of this course. \t\tI’*m* a beginner.	You ___________ at the beginning of this course.     You’________  a beginner.\r\nI ________ at the beginning of this course. \t\tI’_____ a beginner.			2026-05-09 18:48:14.06515+00	1	f
1	Complete the sentences	God created *the heavens and the earth*\r\nHi, I am *Raquel Mittelstädt* (your name)\r\nHey, * x *' *xx* *xxxxxxxxxxxx*\r\nYou are *Student name complete* (a name)\r\n*xxx*' *xx* *xxxxxxxxxxxxxxxx*	God created _____________________________________________________________________________\r\nHi, I am ________________________________________________________ (your name)\r\nHey, _____' ________ ______________________________________\r\nYou are _________________________________________________________________ (a name)\r\n___________' ________ __________________________________________________			2026-05-09 18:35:03.762142+00	1	f
2	Complete and copy the sentences	I *am* beautiful.   +   You *are* beautiful.   =   We *are* beautiful.\r\n*I am beautiful.   +   You are beautiful.   =   We are beautiful.*\r\nI *will* study.    +   You *will* study.    =     We *will* study.\r\n*I will study.    +   You will study.    =     We will study.*\r\nI *will* Learn.   +   You *will* learn.   =    We *will* \r\nlearn.\r\n*I will Learn.   +   You will learn.   =    We will learn.*\r\n\r\nWe *are* together.    We *are* with you.   *We* *are* together with you.\r\nWe'*re* together.    We'*re* with you.   *We*'*re* together with you.	I ________ beautiful.   +   You ___________ beautiful.   =   We ___________ beautiful.\r\n__________________________________________________________________________________________________________________________________________________________________________________________________\r\nI ______________ study.    +   You ______________ study.    =     We ______________ study.\r\n______________________________________________________________________________________________________________________________________________________________________________________\r\nI ______________ Learn.   +   You ______________ learn.   =    We ______________ \r\nlearn.\r\n_____________________________________________________________________________________________________________________________________________________________________________\r\n\r\nWe ___________ together.    We ___________ with you.   ________ ___________ together with you.\r\nWe'________ together.    We'________ with you.   ________'________ together with you.			2026-05-09 18:43:47.233731+00	1	f
\.


--
-- Data for Name: byword_crossword; Type: TABLE DATA; Schema: public; Owner: byword
--

COPY public.byword_crossword (id) FROM stdin;
\.


--
-- Data for Name: byword_dictionary; Type: TABLE DATA; Schema: public; Owner: byword
--

COPY public.byword_dictionary (id, verb_en, translation, created_at, subtitle) FROM stdin;
141	was	era	2026-05-05 11:53:16.503739+00	Vocabulary
142	wide	largo	2026-05-05 11:53:16.838422+00	Vocabulary
143	darkness	escuridão	2026-05-05 11:53:17.147735+00	Vocabulary
144	appear	aparecer	2026-05-05 11:53:17.471466+00	Vocabulary
164	a	um	2026-05-05 11:53:24.540606+00	Vocabulary
146	god	Deus	2026-05-05 11:53:18.073648+00	Vocabulary
147	beautiful	lindo	2026-05-05 11:53:18.63783+00	Vocabulary
148	the	o	2026-05-05 11:53:18.939323+00	Vocabulary
149	between	entre	2026-05-05 11:53:19.470402+00	Vocabulary
150	space	espaço	2026-05-05 11:53:19.805817+00	Vocabulary
151	disappeared	desaparecido	2026-05-05 11:53:20.101192+00	Vocabulary
152	narrow	estreito	2026-05-05 11:53:20.629012+00	Vocabulary
153	some	alguns	2026-05-05 11:53:20.935708+00	Vocabulary
154	in	em	2026-05-05 11:53:21.488798+00	Vocabulary
155	from	de	2026-05-05 11:53:21.79523+00	Vocabulary
156	glass	vidro	2026-05-05 11:53:22.085975+00	Vocabulary
157	and	e	2026-05-05 11:53:22.39867+00	Vocabulary
158	made	feito	2026-05-05 11:53:22.716223+00	Vocabulary
159	of	de	2026-05-05 11:53:22.999501+00	Vocabulary
160	said	disse	2026-05-05 11:53:23.302379+00	Vocabulary
161	places	lugares	2026-05-05 11:53:23.590741+00	Vocabulary
162	dark	escuro	2026-05-05 11:53:23.898328+00	Vocabulary
163	mike	microfone	2026-05-05 11:53:24.239698+00	Vocabulary
165	is	é	2026-05-05 11:53:24.878482+00	Vocabulary
166	can	pode	2026-05-05 11:53:25.177567+00	Vocabulary
168	then	então	2026-05-05 11:53:25.809242+00	Vocabulary
169	separated	separado	2026-05-05 11:53:26.177621+00	Vocabulary
170	clouds	nuvens	2026-05-05 11:53:26.462095+00	Vocabulary
171	water	água	2026-05-05 11:53:26.73225+00	Vocabulary
172	them	eles	2026-05-05 11:53:27.042661+00	Vocabulary
173	count	contar	2026-05-05 11:53:27.335173+00	Vocabulary
174	disappear	desaparecer	2026-05-05 11:53:27.656886+00	Vocabulary
175	there	lá	2026-05-05 11:53:27.954878+00	Vocabulary
176	will	vai	2026-05-05 11:53:28.275215+00	Vocabulary
177	appeared	apareceu	2026-05-05 11:53:28.576175+00	Vocabulary
178	so	então	2026-05-05 11:53:28.888124+00	Vocabulary
179	i	eu	2026-05-05 11:53:29.190075+00	Vocabulary
180	that	que	2026-05-05 11:53:29.510484+00	Vocabulary
181	three	três	2026-05-05 11:53:29.829737+00	Vocabulary
182	daisy	margarida	2026-05-05 11:53:30.159164+00	Vocabulary
183	it	isto	2026-05-05 11:53:30.458461+00	Vocabulary
184	above	acima	2026-05-05 11:53:31.042933+00	Vocabulary
185	separate	separar	2026-05-05 11:53:31.374603+00	Vocabulary
186	many	muitos	2026-05-05 11:53:31.930608+00	Vocabulary
187	cloud	nuvem	2026-05-05 11:53:32.260704+00	Vocabulary
188	ball	bola	2026-05-05 11:53:32.57204+00	Vocabulary
189	two	dois	2026-05-05 11:53:32.896479+00	Vocabulary
190	night	noite	2026-05-05 11:53:33.226094+00	Vocabulary
191	during	durante	2026-05-05 11:53:33.775382+00	Vocabulary
192	one	um	2026-05-05 11:53:34.070794+00	Vocabulary
193	sky	céu	2026-05-05 11:53:34.626504+00	Vocabulary
194	waters	águas	2026-05-05 11:53:34.905558+00	Vocabulary
195	be	ser	2026-05-05 11:53:35.433733+00	Vocabulary
196	below	abaixo	2026-05-05 11:53:35.732741+00	Vocabulary
197	named	nomeado	2026-05-05 11:53:36.038033+00	Vocabulary
198	are	são	2026-05-05 11:53:36.349564+00	Vocabulary
204	beginning	começo	2026-05-05 13:15:41.350532+00	Vocabulary
245	black	preto	2026-05-05 13:15:41.922103+00	Vocabulary
217	blue	azul	2026-05-05 13:15:41.504498+00	Vocabulary
269	bright	brilhante	2026-05-05 13:15:42.281089+00	Vocabulary
200	but	mas	2026-05-05 13:15:41.308377+00	Vocabulary
268	called	chamado	2026-05-05 13:15:42.271947+00	Vocabulary
252	calling	ligando	2026-05-05 13:15:42.051257+00	Vocabulary
236	cloudy	nublado	2026-05-05 13:15:41.759069+00	Vocabulary
250	covered	abordado	2026-05-05 13:15:42.018327+00	Vocabulary
216	create	criar	2026-05-05 13:15:41.490097+00	Vocabulary
222	created	criado	2026-05-05 13:15:41.56193+00	Vocabulary
259	day	dia	2026-05-05 13:15:42.138016+00	Vocabulary
249	deep	profundo	2026-05-05 13:15:42.008915+00	Vocabulary
265	did	fez	2026-05-05 13:15:42.207963+00	Vocabulary
255	didn't	não	2026-05-05 13:15:42.092136+00	Vocabulary
274	each	cada	2026-05-05 13:15:42.386723+00	Vocabulary
203	earth	terra	2026-05-05 13:15:41.341256+00	Vocabulary
199	empty	vazio	2026-05-05 13:15:41.293117+00	Vocabulary
212	end	fim	2026-05-05 13:15:41.437985+00	Vocabulary
242	everywhere	em todos os lugares	2026-05-05 13:15:41.870038+00	Vocabulary
256	far	distante	2026-05-05 13:15:42.105708+00	Vocabulary
202	feather	pena	2026-05-05 13:15:41.331689+00	Vocabulary
233	for	para	2026-05-05 13:15:41.718425+00	Vocabulary
207	full	completo	2026-05-05 13:15:41.384898+00	Vocabulary
246	good	bom	2026-05-05 13:15:41.936516+00	Vocabulary
237	gray	cinza	2026-05-05 13:15:41.80047+00	Vocabulary
219	hat	chapéu	2026-05-05 13:15:41.533361+00	Vocabulary
276	he	ele	2026-05-05 13:15:42.405542+00	Vocabulary
230	heavens	céus	2026-05-05 13:15:41.682661+00	Vocabulary
201	helicopter	helicóptero	2026-05-05 13:15:41.322535+00	Vocabulary
223	hey	ei	2026-05-05 13:15:41.571723+00	Vocabulary
215	hi	oi	2026-05-05 13:15:41.476401+00	Vocabulary
261	hum	zumbir	2026-05-05 13:15:42.15802+00	Vocabulary
209	i'm	eu sou	2026-05-05 13:15:41.403533+00	Vocabulary
225	learn	aprender	2026-05-05 13:15:41.598041+00	Vocabulary
239	learning	aprendizado	2026-05-05 13:15:41.825486+00	Vocabulary
275	light	luz	2026-05-05 13:15:42.396388+00	Vocabulary
214	lionet	filhote de leão	2026-05-05 13:15:41.467285+00	Vocabulary
254	me	meu	2026-05-05 13:15:42.073459+00	Vocabulary
262	mom	mãe	2026-05-05 13:15:42.172256+00	Vocabulary
264	mom's	da mãe	2026-05-05 13:15:42.192367+00	Vocabulary
248	moved	movido	2026-05-05 13:15:41.969493+00	Vocabulary
227	no	não	2026-05-05 13:15:41.617461+00	Vocabulary
211	not	não	2026-05-05 13:15:41.427721+00	Vocabulary
272	now	agora	2026-05-05 13:15:42.338246+00	Vocabulary
257	oh	oh	2026-05-05 13:15:42.119313+00	Vocabulary
273	or	ou	2026-05-05 13:15:42.367755+00	Vocabulary
267	other	outro	2026-05-05 13:15:42.25833+00	Vocabulary
243	planet	planeta	2026-05-05 13:15:41.885717+00	Vocabulary
224	real	real	2026-05-05 13:15:41.587112+00	Vocabulary
263	saw	serra	2026-05-05 13:15:42.181662+00	Vocabulary
266	say	dizer	2026-05-05 13:15:42.230798+00	Vocabulary
220	shape	forma	2026-05-05 13:15:41.542971+00	Vocabulary
213	shapes	formas	2026-05-05 13:15:41.45786+00	Vocabulary
226	soil	solo	2026-05-05 13:15:41.6079+00	Vocabulary
235	spirit	espírito	2026-05-05 13:15:41.744997+00	Vocabulary
240	studying	estudo	2026-05-05 13:15:41.834853+00	Vocabulary
251	that's	isso é	2026-05-05 13:15:42.037471+00	Vocabulary
260	they	eles	2026-05-05 13:15:42.148699+00	Vocabulary
241	this	esse	2026-05-05 13:15:41.843892+00	Vocabulary
232	together	junto	2026-05-05 13:15:41.707942+00	Vocabulary
205	tornado	tornado	2026-05-05 13:15:41.365535+00	Vocabulary
231	we	nós	2026-05-05 13:15:41.692238+00	Vocabulary
271	what	o que	2026-05-05 13:15:42.319352+00	Vocabulary
221	where	onde	2026-05-05 13:15:41.552276+00	Vocabulary
238	white	branco	2026-05-05 13:15:41.815701+00	Vocabulary
253	who	Quem	2026-05-05 13:15:42.064642+00	Vocabulary
208	without	sem	2026-05-05 13:15:41.393988+00	Vocabulary
228	you	você	2026-05-05 13:15:41.648293+00	Vocabulary
258	hear	ouvir	2026-05-05 13:15:42.128528+00	Vocabulary
206	it's	isso é	2026-05-05 13:15:41.375643+00	Vocabulary
210	look	olhar	2026-05-05 13:15:41.418506+00	Vocabulary
270	near	aproximar	2026-05-05 13:15:42.290111+00	Vocabulary
234	our	nosso	2026-05-05 13:15:41.735395+00	Vocabulary
244	shallow	raso	2026-05-05 13:15:41.912848+00	Vocabulary
218	study	estudar	2026-05-05 13:15:41.52398+00	Vocabulary
247	very	muito	2026-05-05 13:15:41.945808+00	Vocabulary
229	with	com	2026-05-05 13:15:41.658983+00	Vocabulary
289	all	todos	2026-05-05 13:39:11.982612+00	Vocabulary
285	beach	praia	2026-05-05 13:39:11.976995+00	Vocabulary
299	big	grande	2026-05-05 13:39:11.992697+00	Vocabulary
295	brown	marrom	2026-05-05 13:39:11.989007+00	Vocabulary
284	come	vir	2026-05-05 13:39:11.976295+00	Vocabulary
298	dry	seco	2026-05-05 13:39:11.991679+00	Vocabulary
282	gather	juntar	2026-05-05 13:39:11.972502+00	Vocabulary
291	gathered	coletado	2026-05-05 13:39:11.985109+00	Vocabulary
277	genesis	gênese	2026-05-05 13:39:11.965776+00	Vocabulary
294	hands	mãos	2026-05-05 13:39:11.987191+00	Vocabulary
279	happened	ocorrido	2026-05-05 13:39:11.968473+00	Vocabulary
293	hurray	viva	2026-05-05 13:39:11.986481+00	Vocabulary
287	land	terra	2026-05-05 13:39:11.980064+00	Vocabulary
296	let's	vamos	2026-05-05 13:39:11.989724+00	Vocabulary
286	over	sobre	2026-05-05 13:39:11.978259+00	Vocabulary
288	place	lugar	2026-05-05 13:39:11.981902+00	Vocabulary
281	salty	salgado	2026-05-05 13:39:11.970609+00	Vocabulary
292	sea	mar	2026-05-05 13:39:11.985796+00	Vocabulary
278	seas	mares	2026-05-05 13:39:11.967756+00	Vocabulary
297	see	ver	2026-05-05 13:39:11.99042+00	Vocabulary
283	table	mesa	2026-05-05 13:39:11.974438+00	Vocabulary
280	too	também	2026-05-05 13:39:11.969191+00	Vocabulary
290	under	sob	2026-05-05 13:39:11.983305+00	Vocabulary
300	yes	sim	2026-05-05 13:39:11.99663+00	Vocabulary
301	its	isso é	2026-05-05 13:55:20.460605+00	Vocabulary
302	at	no	2026-05-05 13:55:20.781076+00	Vocabulary
303	flowers	flores	2026-05-05 13:55:21.096365+00	Vocabulary
304	seeds	sementes	2026-05-05 13:55:21.395794+00	Vocabulary
305	fruits	frutas	2026-05-05 13:55:21.703141+00	Vocabulary
306	apples	maçãs	2026-05-05 13:55:22.001887+00	Vocabulary
307	ground	chão	2026-05-05 13:55:22.291381+00	Vocabulary
308	had	tive	2026-05-05 13:55:22.592126+00	Vocabulary
363	thirsty	sedento	2026-05-18 17:11:13.662111+00	Vocabulary
310	grapes	uvas	2026-05-05 13:55:23.561586+00	Vocabulary
311	their	deles	2026-05-05 13:55:23.851749+00	Vocabulary
312	trees	árvores	2026-05-05 13:55:24.157232+00	Vocabulary
313	plant	plantar	2026-05-05 13:55:24.476407+00	Vocabulary
314	kind	tipo	2026-05-05 13:55:24.805563+00	Vocabulary
315	grass	grama	2026-05-05 13:55:25.287563+00	Vocabulary
316	colorful	colorido	2026-05-05 13:55:25.596049+00	Vocabulary
317	has	tem	2026-05-05 13:55:25.895513+00	Vocabulary
318	grow	crescer	2026-05-05 13:55:26.249529+00	Vocabulary
319	kinds	tipos	2026-05-05 13:55:26.57429+00	Vocabulary
320	tree	árvore	2026-05-05 13:55:26.886914+00	Vocabulary
321	to	para	2026-05-05 13:55:27.190428+00	Vocabulary
322	oranges	laranjas	2026-05-05 13:55:27.503071+00	Vocabulary
323	let	deixar	2026-05-05 13:55:27.794538+00	Vocabulary
324	red	vermelho	2026-05-05 13:55:28.095324+00	Vocabulary
325	orange	laranja	2026-05-05 13:55:28.424351+00	Vocabulary
326	own	ter	2026-05-05 13:55:28.736305+00	Vocabulary
327	these	esses	2026-05-05 13:55:29.054398+00	Vocabulary
328	green	verde	2026-05-05 13:55:29.360613+00	Vocabulary
329	looked	visto	2026-05-05 13:55:29.745553+00	Vocabulary
330	leaves	folhas	2026-05-05 13:55:30.048952+00	Vocabulary
331	yellow	amarelo	2026-05-05 13:55:30.380768+00	Vocabulary
332	plants	plantas	2026-05-05 13:55:30.684422+00	Vocabulary
333	types	tipos	2026-05-05 13:55:30.996791+00	Vocabulary
334	began	começou	2026-05-05 13:55:31.328305+00	Vocabulary
335	leaf	folha	2026-05-05 13:55:31.649113+00	Vocabulary
336	like	como	2026-05-05 13:58:39.994839+00	Vocabulary
337	also	também	2026-05-05 13:58:40.350175+00	Vocabulary
338	rule	regra	2026-05-05 13:58:40.680686+00	Vocabulary
339	less	menos	2026-05-05 13:58:40.998382+00	Vocabulary
340	stars	estrelas	2026-05-05 13:58:41.303096+00	Vocabulary
341	only	apenas	2026-05-05 13:58:41.5986+00	Vocabulary
342	on	sobre	2026-05-05 13:58:41.898729+00	Vocabulary
344	sun	sol	2026-05-05 13:58:42.509118+00	Vocabulary
345	brighter	mais brilhante	2026-05-05 13:58:42.828281+00	Vocabulary
346	moon	lua	2026-05-05 13:58:43.156582+00	Vocabulary
347	put	colocar	2026-05-05 13:58:43.442767+00	Vocabulary
348	have	ter	2026-05-05 13:58:43.735287+00	Vocabulary
349	shine	brilhar	2026-05-05 13:58:44.030117+00	Vocabulary
350	ruled	governou	2026-05-05 13:58:44.31275+00	Vocabulary
351	lights	luzes	2026-05-05 13:58:44.644631+00	Vocabulary
352	to see	ver	2026-05-06 17:18:49.609623+00	Vocabulary
364	thanks	obrigado	2026-05-18 17:11:14.006259+00	Vocabulary
353	am	sou	2026-05-06 17:36:59.198475+00	Vocabulary
354	why	por que	2026-05-06 18:21:59.836924+00	Vocabulary
355	actually	na verdade	2026-05-06 18:22:00.418721+00	Vocabulary
356	really	realmente	2026-05-06 18:22:00.732047+00	Vocabulary
357	true	verdadeiro	2026-05-06 18:22:01.003434+00	Vocabulary
358	know	saber	2026-05-06 18:22:01.555307+00	Vocabulary
359	universe	universo	2026-05-06 18:22:01.835084+00	Vocabulary
360	can't	não pode	2026-05-06 18:22:02.134029+00	Vocabulary
361	star	estrela	2026-05-06 18:22:02.426944+00	Vocabulary
362	test	teste	2026-05-07 11:16:56.614914+00	Vocabulary
365	sure	claro	2026-05-18 17:11:14.332335+00	Vocabulary
366	bring	trazer	2026-05-18 17:11:14.641024+00	Vocabulary
367	celebrate	comemorar	2026-05-18 17:25:49.912341+00	Vocabulary
368	we're	eram	2026-05-18 17:25:50.20967+00	Vocabulary
369	going	indo	2026-05-18 17:25:50.487968+00	Vocabulary
370	balloon	balão	2026-05-18 17:25:50.813502+00	Vocabulary
371	fly	voar	2026-05-18 17:25:51.117271+00	Vocabulary
372	great	ótimo	2026-05-18 17:25:51.395289+00	Vocabulary
373	he's	ele é	2026-05-18 17:28:03.927898+00	Vocabulary
374	she	ela	2026-05-18 17:28:04.420106+00	Vocabulary
375	sister	irmã	2026-05-18 17:28:04.984334+00	Vocabulary
376	brother	irmão	2026-05-18 17:28:05.293105+00	Vocabulary
377	my	meu	2026-05-18 17:28:05.601489+00	Vocabulary
378	want	querer	2026-05-18 17:29:18.066584+00	Vocabulary
\.


--
-- Data for Name: byword_dictionaryoccurrence; Type: TABLE DATA; Schema: public; Owner: byword
--

COPY public.byword_dictionaryoccurrence (id, origin, object_id, created_at, content_type_id, dictionary_id, lesson_id) FROM stdin;
186	lesson_text	4	2026-05-05 11:53:16.824975+00	20	141	4
187	lesson_text	4	2026-05-05 11:53:17.135929+00	20	142	4
188	lesson_text	4	2026-05-05 11:53:17.461011+00	20	143	4
189	lesson_text	4	2026-05-05 11:53:17.757027+00	20	144	4
191	lesson_text	4	2026-05-05 11:53:18.62599+00	20	146	4
192	lesson_text	4	2026-05-05 11:53:18.92898+00	20	147	4
193	lesson_text	4	2026-05-05 11:53:19.460646+00	20	148	4
194	lesson_text	4	2026-05-05 11:53:19.793945+00	20	149	4
195	lesson_text	4	2026-05-05 11:53:20.089347+00	20	150	4
196	lesson_text	4	2026-05-05 11:53:20.619554+00	20	151	4
197	lesson_text	4	2026-05-05 11:53:20.923776+00	20	152	4
198	lesson_text	4	2026-05-05 11:53:21.474773+00	20	153	4
199	lesson_text	4	2026-05-05 11:53:21.784727+00	20	154	4
200	lesson_text	4	2026-05-05 11:53:22.075296+00	20	155	4
201	lesson_text	4	2026-05-05 11:53:22.388031+00	20	156	4
202	lesson_text	4	2026-05-05 11:53:22.705632+00	20	157	4
203	lesson_text	4	2026-05-05 11:53:22.989661+00	20	158	4
204	lesson_text	4	2026-05-05 11:53:23.293169+00	20	159	4
205	lesson_text	4	2026-05-05 11:53:23.581419+00	20	160	4
206	lesson_text	4	2026-05-05 11:53:23.886554+00	20	161	4
207	lesson_text	4	2026-05-05 11:53:24.230533+00	20	162	4
208	lesson_text	4	2026-05-05 11:53:24.531005+00	20	163	4
209	lesson_text	4	2026-05-05 11:53:24.86933+00	20	164	4
210	lesson_text	4	2026-05-05 11:53:25.168017+00	20	165	4
211	lesson_text	4	2026-05-05 11:53:25.463736+00	20	166	4
213	lesson_text	4	2026-05-05 11:53:26.167132+00	20	168	4
214	lesson_text	4	2026-05-05 11:53:26.452415+00	20	169	4
215	lesson_text	4	2026-05-05 11:53:26.723137+00	20	170	4
216	lesson_text	4	2026-05-05 11:53:27.030838+00	20	171	4
217	lesson_text	4	2026-05-05 11:53:27.324698+00	20	172	4
218	lesson_text	4	2026-05-05 11:53:27.646645+00	20	173	4
219	lesson_text	4	2026-05-05 11:53:27.942715+00	20	174	4
220	lesson_text	4	2026-05-05 11:53:28.26616+00	20	175	4
221	lesson_text	4	2026-05-05 11:53:28.567078+00	20	176	4
222	lesson_text	4	2026-05-05 11:53:28.873294+00	20	177	4
223	lesson_text	4	2026-05-05 11:53:29.180867+00	20	178	4
224	lesson_text	4	2026-05-05 11:53:29.500186+00	20	179	4
225	lesson_text	4	2026-05-05 11:53:29.820621+00	20	180	4
226	lesson_text	4	2026-05-05 11:53:30.149098+00	20	181	4
227	lesson_text	4	2026-05-05 11:53:30.449358+00	20	182	4
228	lesson_text	4	2026-05-05 11:53:31.030454+00	20	183	4
229	lesson_text	4	2026-05-05 11:53:31.363692+00	20	184	4
230	lesson_text	4	2026-05-05 11:53:31.920136+00	20	185	4
231	lesson_text	4	2026-05-05 11:53:32.24903+00	20	186	4
232	lesson_text	4	2026-05-05 11:53:32.563057+00	20	187	4
233	lesson_text	4	2026-05-05 11:53:32.885867+00	20	188	4
234	lesson_text	4	2026-05-05 11:53:33.215581+00	20	189	4
235	lesson_text	4	2026-05-05 11:53:33.764901+00	20	190	4
236	lesson_text	4	2026-05-05 11:53:34.061679+00	20	191	4
237	lesson_text	4	2026-05-05 11:53:34.61557+00	20	192	4
238	lesson_text	4	2026-05-05 11:53:34.896224+00	20	193	4
239	lesson_text	4	2026-05-05 11:53:35.424652+00	20	194	4
240	lesson_text	4	2026-05-05 11:53:35.723413+00	20	195	4
241	lesson_text	4	2026-05-05 11:53:36.026829+00	20	196	4
242	lesson_text	4	2026-05-05 11:53:36.33887+00	20	197	4
243	lesson_text	4	2026-05-05 11:53:36.926683+00	20	198	4
244	lesson_text	1	2026-05-05 13:15:41.298611+00	20	199	1
245	lesson_text	1	2026-05-05 13:15:41.303745+00	20	192	1
246	lesson_text	1	2026-05-05 13:15:41.313273+00	20	200	1
247	lesson_text	1	2026-05-05 13:15:41.31816+00	20	141	1
248	lesson_text	1	2026-05-05 13:15:41.327291+00	20	201	1
249	lesson_text	1	2026-05-05 13:15:41.336625+00	20	202	1
250	lesson_text	1	2026-05-05 13:15:41.345957+00	20	203	1
251	lesson_text	1	2026-05-05 13:15:41.355069+00	20	204	1
252	lesson_text	1	2026-05-05 13:15:41.361168+00	20	157	1
253	lesson_text	1	2026-05-05 13:15:41.371241+00	20	205	1
254	lesson_text	1	2026-05-05 13:15:41.380342+00	20	206	1
255	lesson_text	1	2026-05-05 13:15:41.389473+00	20	207	1
256	lesson_text	1	2026-05-05 13:15:41.398845+00	20	208	1
257	lesson_text	1	2026-05-05 13:15:41.408574+00	20	209	1
258	lesson_text	1	2026-05-05 13:15:41.413768+00	20	182	1
259	lesson_text	1	2026-05-05 13:15:41.423103+00	20	210	1
260	lesson_text	1	2026-05-05 13:15:41.432299+00	20	211	1
261	lesson_text	1	2026-05-05 13:15:41.442941+00	20	212	1
262	lesson_text	1	2026-05-05 13:15:41.448075+00	20	176	1
263	lesson_text	1	2026-05-05 13:15:41.453088+00	20	170	1
264	lesson_text	1	2026-05-05 13:15:41.462711+00	20	213	1
265	lesson_text	1	2026-05-05 13:15:41.47187+00	20	214	1
266	lesson_text	1	2026-05-05 13:15:41.480943+00	20	215	1
267	lesson_text	1	2026-05-05 13:15:41.485655+00	20	154	1
268	lesson_text	1	2026-05-05 13:15:41.494866+00	20	216	1
269	lesson_text	1	2026-05-05 13:15:41.500077+00	20	147	1
270	lesson_text	1	2026-05-05 13:15:41.509214+00	20	217	1
271	lesson_text	1	2026-05-05 13:15:41.514338+00	20	159	1
272	lesson_text	1	2026-05-05 13:15:41.519293+00	20	183	1
273	lesson_text	1	2026-05-05 13:15:41.528823+00	20	218	1
274	lesson_text	1	2026-05-05 13:15:41.538231+00	20	219	1
275	lesson_text	1	2026-05-05 13:15:41.547783+00	20	220	1
276	lesson_text	1	2026-05-05 13:15:41.557215+00	20	221	1
277	lesson_text	1	2026-05-05 13:15:41.566767+00	20	222	1
278	lesson_text	1	2026-05-05 13:15:41.576987+00	20	223	1
279	lesson_text	1	2026-05-05 13:15:41.582472+00	20	187	1
280	lesson_text	1	2026-05-05 13:15:41.593343+00	20	224	1
281	lesson_text	1	2026-05-05 13:15:41.602933+00	20	225	1
282	lesson_text	1	2026-05-05 13:15:41.612915+00	20	226	1
283	lesson_text	1	2026-05-05 13:15:41.622024+00	20	227	1
284	lesson_text	1	2026-05-05 13:15:41.632469+00	20	164	1
285	lesson_text	1	2026-05-05 13:15:41.637666+00	20	163	1
286	lesson_text	1	2026-05-05 13:15:41.64375+00	20	193	1
287	lesson_text	1	2026-05-05 13:15:41.653088+00	20	228	1
288	lesson_text	1	2026-05-05 13:15:41.663645+00	20	229	1
289	lesson_text	1	2026-05-05 13:15:41.66858+00	20	148	1
290	lesson_text	1	2026-05-05 13:15:41.673246+00	20	165	1
291	lesson_text	1	2026-05-05 13:15:41.678314+00	20	198	1
292	lesson_text	1	2026-05-05 13:15:41.687441+00	20	230	1
293	lesson_text	1	2026-05-05 13:15:41.697147+00	20	231	1
294	lesson_text	1	2026-05-05 13:15:41.702219+00	20	146	1
295	lesson_text	1	2026-05-05 13:15:41.713704+00	20	232	1
296	lesson_text	2	2026-05-05 13:15:41.724527+00	20	233	2
297	lesson_text	2	2026-05-05 13:15:41.730838+00	20	199	2
298	lesson_text	2	2026-05-05 13:15:41.740326+00	20	234	2
299	lesson_text	2	2026-05-05 13:15:41.749773+00	20	235	2
300	lesson_text	2	2026-05-05 13:15:41.754637+00	20	141	2
301	lesson_text	2	2026-05-05 13:15:41.763804+00	20	236	2
302	lesson_text	2	2026-05-05 13:15:41.770532+00	20	203	2
303	lesson_text	2	2026-05-05 13:15:41.77586+00	20	171	2
304	lesson_text	2	2026-05-05 13:15:41.780847+00	20	204	2
305	lesson_text	2	2026-05-05 13:15:41.785947+00	20	157	2
306	lesson_text	2	2026-05-05 13:15:41.790868+00	20	208	2
307	lesson_text	2	2026-05-05 13:15:41.795582+00	20	196	2
308	lesson_text	2	2026-05-05 13:15:41.805726+00	20	237	2
309	lesson_text	2	2026-05-05 13:15:41.810968+00	20	209	2
310	lesson_text	2	2026-05-05 13:15:41.820774+00	20	238	2
311	lesson_text	2	2026-05-05 13:15:41.830377+00	20	239	2
312	lesson_text	2	2026-05-05 13:15:41.839365+00	20	240	2
313	lesson_text	2	2026-05-05 13:15:41.848636+00	20	241	2
314	lesson_text	2	2026-05-05 13:15:41.854106+00	20	170	2
315	lesson_text	2	2026-05-05 13:15:41.860268+00	20	154	2
316	lesson_text	2	2026-05-05 13:15:41.865313+00	20	162	2
317	lesson_text	2	2026-05-05 13:15:41.875982+00	20	242	2
318	lesson_text	2	2026-05-05 13:15:41.881111+00	20	183	2
319	lesson_text	2	2026-05-05 13:15:41.892062+00	20	243	2
320	lesson_text	2	2026-05-05 13:15:41.897194+00	20	159	2
321	lesson_text	2	2026-05-05 13:15:41.903421+00	20	220	2
322	lesson_text	2	2026-05-05 13:15:41.908281+00	20	222	2
323	lesson_text	2	2026-05-05 13:15:41.917615+00	20	244	2
324	lesson_text	2	2026-05-05 13:15:41.927006+00	20	245	2
325	lesson_text	2	2026-05-05 13:15:41.932034+00	20	184	2
326	lesson_text	2	2026-05-05 13:15:41.941279+00	20	246	2
327	lesson_text	2	2026-05-05 13:15:41.950569+00	20	247	2
328	lesson_text	2	2026-05-05 13:15:41.955352+00	20	164	2
329	lesson_text	2	2026-05-05 13:15:41.960257+00	20	163	2
330	lesson_text	2	2026-05-05 13:15:41.965173+00	20	193	2
331	lesson_text	2	2026-05-05 13:15:41.974244+00	20	248	2
332	lesson_text	2	2026-05-05 13:15:41.979301+00	20	228	2
333	lesson_text	2	2026-05-05 13:15:41.984255+00	20	153	2
334	lesson_text	2	2026-05-05 13:15:41.988995+00	20	148	2
335	lesson_text	2	2026-05-05 13:15:41.994164+00	20	165	2
336	lesson_text	2	2026-05-05 13:15:41.999295+00	20	198	2
337	lesson_text	2	2026-05-05 13:15:42.004328+00	20	230	2
338	lesson_text	2	2026-05-05 13:15:42.013768+00	20	249	2
339	lesson_text	2	2026-05-05 13:15:42.022889+00	20	250	2
340	lesson_text	2	2026-05-05 13:15:42.028041+00	20	146	2
341	lesson_text	2	2026-05-05 13:15:42.033143+00	20	182	2
342	lesson_text	2	2026-05-05 13:15:42.041923+00	20	251	2
343	lesson_text	3	2026-05-05 13:15:42.046865+00	20	190	3
344	lesson_text	3	2026-05-05 13:15:42.055696+00	20	252	3
345	lesson_text	3	2026-05-05 13:15:42.060355+00	20	141	3
346	lesson_text	3	2026-05-05 13:15:42.069068+00	20	253	3
347	lesson_text	3	2026-05-05 13:15:42.078057+00	20	254	3
348	lesson_text	3	2026-05-05 13:15:42.082741+00	20	203	3
349	lesson_text	3	2026-05-05 13:15:42.087679+00	20	157	3
350	lesson_text	3	2026-05-05 13:15:42.096603+00	20	255	3
351	lesson_text	3	2026-05-05 13:15:42.101264+00	20	160	3
352	lesson_text	3	2026-05-05 13:15:42.110272+00	20	256	3
353	lesson_text	3	2026-05-05 13:15:42.114962+00	20	176	3
354	lesson_text	3	2026-05-05 13:15:42.123926+00	20	257	3
355	lesson_text	3	2026-05-05 13:15:42.133457+00	20	258	3
356	lesson_text	3	2026-05-05 13:15:42.143974+00	20	259	3
357	lesson_text	3	2026-05-05 13:15:42.153557+00	20	260	3
358	lesson_text	3	2026-05-05 13:15:42.162621+00	20	261	3
359	lesson_text	3	2026-05-05 13:15:42.167646+00	20	215	3
360	lesson_text	3	2026-05-05 13:15:42.17707+00	20	262	3
361	lesson_text	3	2026-05-05 13:15:42.186543+00	20	263	3
362	lesson_text	3	2026-05-05 13:15:42.197202+00	20	264	3
363	lesson_text	3	2026-05-05 13:15:42.202339+00	20	143	3
364	lesson_text	3	2026-05-05 13:15:42.212469+00	20	265	3
365	lesson_text	3	2026-05-05 13:15:42.217105+00	20	175	3
366	lesson_text	3	2026-05-05 13:15:42.221781+00	20	162	3
367	lesson_text	3	2026-05-05 13:15:42.226467+00	20	243	3
368	lesson_text	3	2026-05-05 13:15:42.236652+00	20	266	3
369	lesson_text	3	2026-05-05 13:15:42.242588+00	20	169	3
370	lesson_text	3	2026-05-05 13:15:42.247375+00	20	188	3
371	lesson_text	3	2026-05-05 13:15:42.252458+00	20	155	3
372	lesson_text	3	2026-05-05 13:15:42.262854+00	20	267	3
373	lesson_text	3	2026-05-05 13:15:42.26752+00	20	180	3
374	lesson_text	3	2026-05-05 13:15:42.27668+00	20	268	3
375	lesson_text	3	2026-05-05 13:15:42.285616+00	20	269	3
376	lesson_text	3	2026-05-05 13:15:42.294589+00	20	270	3
377	lesson_text	3	2026-05-05 13:15:42.299667+00	20	168	3
378	lesson_text	3	2026-05-05 13:15:42.304699+00	20	246	3
380	lesson_text	3	2026-05-05 13:15:42.314782+00	20	185	3
381	lesson_text	3	2026-05-05 13:15:42.324133+00	20	271	3
382	lesson_text	3	2026-05-05 13:15:42.328994+00	20	164	3
383	lesson_text	3	2026-05-05 13:15:42.333765+00	20	163	3
384	lesson_text	3	2026-05-05 13:15:42.343058+00	20	272	3
385	lesson_text	3	2026-05-05 13:15:42.348104+00	20	228	3
386	lesson_text	3	2026-05-05 13:15:42.353056+00	20	179	3
387	lesson_text	3	2026-05-05 13:15:42.358141+00	20	148	3
388	lesson_text	3	2026-05-05 13:15:42.363182+00	20	165	3
389	lesson_text	3	2026-05-05 13:15:42.372346+00	20	273	3
390	lesson_text	3	2026-05-05 13:15:42.377123+00	20	195	3
391	lesson_text	3	2026-05-05 13:15:42.382042+00	20	198	3
392	lesson_text	3	2026-05-05 13:15:42.391799+00	20	274	3
393	lesson_text	3	2026-05-05 13:15:42.401105+00	20	275	3
394	lesson_text	3	2026-05-05 13:15:42.410481+00	20	276	3
395	lesson_text	3	2026-05-05 13:15:42.415652+00	20	146	3
396	lesson_text	3	2026-05-05 13:15:42.420944+00	20	182	3
397	lesson_text	5	2026-05-05 13:39:11.963398+00	20	246	5
398	lesson_text	5	2026-05-05 13:39:11.964194+00	20	271	5
399	lesson_text	5	2026-05-05 13:39:11.964832+00	20	144	5
400	lesson_text	5	2026-05-05 13:39:11.965452+00	20	168	5
401	lesson_text	5	2026-05-05 13:39:11.966252+00	20	277	5
402	lesson_text	5	2026-05-05 13:39:11.966857+00	20	147	5
403	lesson_text	5	2026-05-05 13:39:11.967455+00	20	141	5
404	lesson_text	5	2026-05-05 13:39:11.968176+00	20	278	5
405	lesson_text	5	2026-05-05 13:39:11.968889+00	20	279	5
406	lesson_text	5	2026-05-05 13:39:11.969602+00	20	280	5
407	lesson_text	5	2026-05-05 13:39:11.970172+00	20	193	5
408	lesson_text	5	2026-05-05 13:39:11.971045+00	20	281	5
409	lesson_text	5	2026-05-05 13:39:11.971618+00	20	192	5
410	lesson_text	5	2026-05-05 13:39:11.972198+00	20	154	5
411	lesson_text	5	2026-05-05 13:39:11.97295+00	20	282	5
412	lesson_text	5	2026-05-05 13:39:11.973558+00	20	163	5
413	lesson_text	5	2026-05-05 13:39:11.974145+00	20	165	5
414	lesson_text	5	2026-05-05 13:39:11.974853+00	20	283	5
415	lesson_text	5	2026-05-05 13:39:11.975431+00	20	241	5
416	lesson_text	5	2026-05-05 13:39:11.976001+00	20	164	5
417	lesson_text	5	2026-05-05 13:39:11.976699+00	20	284	5
418	lesson_text	5	2026-05-05 13:39:11.977402+00	20	285	5
419	lesson_text	5	2026-05-05 13:39:11.977964+00	20	179	5
420	lesson_text	5	2026-05-05 13:39:11.978658+00	20	286	5
421	lesson_text	5	2026-05-05 13:39:11.979211+00	20	157	5
422	lesson_text	5	2026-05-05 13:39:11.979763+00	20	146	5
423	lesson_text	5	2026-05-05 13:39:11.980475+00	20	287	5
424	lesson_text	5	2026-05-05 13:39:11.981046+00	20	171	5
425	lesson_text	5	2026-05-05 13:39:11.981607+00	20	148	5
426	lesson_text	5	2026-05-05 13:39:11.982316+00	20	288	5
427	lesson_text	5	2026-05-05 13:39:11.98302+00	20	289	5
428	lesson_text	5	2026-05-05 13:39:11.983705+00	20	290	5
429	lesson_text	5	2026-05-05 13:39:11.984264+00	20	263	5
430	lesson_text	5	2026-05-05 13:39:11.984816+00	20	226	5
431	lesson_text	5	2026-05-05 13:39:11.985511+00	20	291	5
432	lesson_text	5	2026-05-05 13:39:11.986196+00	20	292	5
433	lesson_text	5	2026-05-05 13:39:11.986884+00	20	293	5
434	lesson_text	5	2026-05-05 13:39:11.98759+00	20	294	5
435	lesson_text	5	2026-05-05 13:39:11.98815+00	20	180	5
436	lesson_text	5	2026-05-05 13:39:11.988706+00	20	234	5
437	lesson_text	5	2026-05-05 13:39:11.989423+00	20	295	5
438	lesson_text	5	2026-05-05 13:39:11.990136+00	20	296	5
439	lesson_text	5	2026-05-05 13:39:11.99083+00	20	297	5
440	lesson_text	5	2026-05-05 13:39:11.991392+00	20	178	5
441	lesson_text	5	2026-05-05 13:39:11.992186+00	20	298	5
442	lesson_text	5	2026-05-05 13:39:11.99326+00	20	299	5
443	lesson_text	5	2026-05-05 13:39:11.993951+00	20	276	5
444	lesson_text	5	2026-05-05 13:39:11.994567+00	20	160	5
445	lesson_text	5	2026-05-05 13:39:11.995166+00	20	197	5
446	lesson_text	5	2026-05-05 13:39:11.995746+00	20	232	5
447	lesson_text	5	2026-05-05 13:39:11.996333+00	20	182	5
448	lesson_text	5	2026-05-05 13:39:11.997051+00	20	300	5
449	lesson_text	5	2026-05-05 13:39:11.997641+00	20	176	5
450	lesson_text	5	2026-05-05 13:39:11.998215+00	20	203	5
451	lesson_text	6	2026-05-05 13:55:20.459405+00	20	198	6
452	lesson_text	6	2026-05-05 13:55:20.460216+00	20	175	6
453	lesson_text	6	2026-05-05 13:55:20.780479+00	20	301	6
454	lesson_text	6	2026-05-05 13:55:21.095078+00	20	302	6
455	lesson_text	6	2026-05-05 13:55:21.095981+00	20	276	6
456	lesson_text	6	2026-05-05 13:55:21.395065+00	20	303	6
457	lesson_text	6	2026-05-05 13:55:21.701657+00	20	304	6
458	lesson_text	6	2026-05-05 13:55:21.702762+00	20	289	6
459	lesson_text	6	2026-05-05 13:55:22.000692+00	20	305	6
460	lesson_text	6	2026-05-05 13:55:22.001527+00	20	168	6
461	lesson_text	6	2026-05-05 13:55:22.290889+00	20	306	6
462	lesson_text	6	2026-05-05 13:55:22.59146+00	20	307	6
463	lesson_text	6	2026-05-05 13:55:22.883206+00	20	308	6
465	lesson_text	6	2026-05-05 13:55:23.851121+00	20	310	6
466	lesson_text	6	2026-05-05 13:55:24.156551+00	20	311	6
467	lesson_text	6	2026-05-05 13:55:24.473197+00	20	312	6
468	lesson_text	6	2026-05-05 13:55:24.474023+00	20	176	6
469	lesson_text	6	2026-05-05 13:55:24.474676+00	20	183	6
470	lesson_text	6	2026-05-05 13:55:24.475296+00	20	180	6
471	lesson_text	6	2026-05-05 13:55:24.476063+00	20	195	6
472	lesson_text	6	2026-05-05 13:55:24.805076+00	20	313	6
473	lesson_text	6	2026-05-05 13:55:25.286926+00	20	314	6
474	lesson_text	6	2026-05-05 13:55:25.592919+00	20	315	6
475	lesson_text	6	2026-05-05 13:55:25.593735+00	20	146	6
476	lesson_text	6	2026-05-05 13:55:25.594687+00	20	172	6
477	lesson_text	6	2026-05-05 13:55:25.595545+00	20	160	6
478	lesson_text	6	2026-05-05 13:55:25.894685+00	20	316	6
479	lesson_text	6	2026-05-05 13:55:26.248351+00	20	317	6
480	lesson_text	6	2026-05-05 13:55:26.24918+00	20	158	6
481	lesson_text	6	2026-05-05 13:55:26.572995+00	20	318	6
482	lesson_text	6	2026-05-05 13:55:26.573916+00	20	192	6
483	lesson_text	6	2026-05-05 13:55:26.882135+00	20	319	6
484	lesson_text	6	2026-05-05 13:55:26.883301+00	20	159	6
485	lesson_text	6	2026-05-05 13:55:26.884284+00	20	246	6
486	lesson_text	6	2026-05-05 13:55:26.884954+00	20	241	6
487	lesson_text	6	2026-05-05 13:55:26.885569+00	20	186	6
488	lesson_text	6	2026-05-05 13:55:26.886159+00	20	263	6
489	lesson_text	6	2026-05-05 13:55:27.189145+00	20	320	6
490	lesson_text	6	2026-05-05 13:55:27.190056+00	20	154	6
491	lesson_text	6	2026-05-05 13:55:27.50254+00	20	321	6
492	lesson_text	6	2026-05-05 13:55:27.794036+00	20	322	6
493	lesson_text	6	2026-05-05 13:55:28.09478+00	20	323	6
494	lesson_text	6	2026-05-05 13:55:28.422662+00	20	324	6
495	lesson_text	6	2026-05-05 13:55:28.423831+00	20	148	6
496	lesson_text	6	2026-05-05 13:55:28.734776+00	20	325	6
497	lesson_text	6	2026-05-05 13:55:28.735796+00	20	271	6
498	lesson_text	6	2026-05-05 13:55:29.051121+00	20	326	6
499	lesson_text	6	2026-05-05 13:55:29.05215+00	20	153	6
500	lesson_text	6	2026-05-05 13:55:29.053042+00	20	203	6
501	lesson_text	6	2026-05-05 13:55:29.053908+00	20	165	6
502	lesson_text	6	2026-05-05 13:55:29.360013+00	20	327	6
503	lesson_text	6	2026-05-05 13:55:29.744027+00	20	328	6
504	lesson_text	6	2026-05-05 13:55:29.745045+00	20	274	6
505	lesson_text	6	2026-05-05 13:55:30.04833+00	20	329	6
506	lesson_text	6	2026-05-05 13:55:30.379081+00	20	330	6
507	lesson_text	6	2026-05-05 13:55:30.380269+00	20	164	6
508	lesson_text	6	2026-05-05 13:55:30.681893+00	20	331	6
509	lesson_text	6	2026-05-05 13:55:30.682892+00	20	157	6
510	lesson_text	6	2026-05-05 13:55:30.683767+00	20	141	6
511	lesson_text	6	2026-05-05 13:55:30.995384+00	20	332	6
512	lesson_text	6	2026-05-05 13:55:30.996381+00	20	229	6
513	lesson_text	6	2026-05-05 13:55:31.327769+00	20	333	6
514	lesson_text	6	2026-05-05 13:55:31.648578+00	20	334	6
515	lesson_text	6	2026-05-05 13:55:32.010869+00	20	335	6
516	lesson_text	7	2026-05-05 13:58:39.991129+00	20	146	7
517	lesson_text	7	2026-05-05 13:58:39.99188+00	20	286	7
518	lesson_text	7	2026-05-05 13:58:39.992917+00	20	179	7
519	lesson_text	7	2026-05-05 13:58:39.993706+00	20	182	7
520	lesson_text	7	2026-05-05 13:58:39.994475+00	20	172	7
521	lesson_text	7	2026-05-05 13:58:40.348442+00	20	336	7
522	lesson_text	7	2026-05-05 13:58:40.349219+00	20	260	7
523	lesson_text	7	2026-05-05 13:58:40.34985+00	20	143	7
524	lesson_text	7	2026-05-05 13:58:40.680203+00	20	337	7
525	lesson_text	7	2026-05-05 13:58:40.994864+00	20	338	7
526	lesson_text	7	2026-05-05 13:58:40.996131+00	20	207	7
527	lesson_text	7	2026-05-05 13:58:40.997054+00	20	158	7
528	lesson_text	7	2026-05-05 13:58:40.997895+00	20	276	7
529	lesson_text	7	2026-05-05 13:58:41.302493+00	20	339	7
530	lesson_text	7	2026-05-05 13:58:41.589765+00	20	340	7
531	lesson_text	7	2026-05-05 13:58:41.590918+00	20	246	7
532	lesson_text	7	2026-05-05 13:58:41.591623+00	20	241	7
533	lesson_text	7	2026-05-05 13:58:41.592248+00	20	269	7
534	lesson_text	7	2026-05-05 13:58:41.593016+00	20	263	7
535	lesson_text	7	2026-05-05 13:58:41.593754+00	20	275	7
536	lesson_text	7	2026-05-05 13:58:41.59474+00	20	231	7
537	lesson_text	7	2026-05-05 13:58:41.595599+00	20	154	7
538	lesson_text	7	2026-05-05 13:58:41.596444+00	20	169	7
539	lesson_text	7	2026-05-05 13:58:41.597308+00	20	259	7
540	lesson_text	7	2026-05-05 13:58:41.598137+00	20	321	7
541	lesson_text	7	2026-05-05 13:58:41.89814+00	20	341	7
542	lesson_text	7	2026-05-05 13:58:42.22556+00	20	342	7
544	lesson_text	7	2026-05-05 13:58:42.506929+00	20	148	7
545	lesson_text	7	2026-05-05 13:58:42.507599+00	20	297	7
546	lesson_text	7	2026-05-05 13:58:42.508211+00	20	155	7
547	lesson_text	7	2026-05-05 13:58:42.508806+00	20	178	7
548	lesson_text	7	2026-05-05 13:58:42.827063+00	20	344	7
549	lesson_text	7	2026-05-05 13:58:42.827908+00	20	190	7
550	lesson_text	7	2026-05-05 13:58:43.15482+00	20	345	7
551	lesson_text	7	2026-05-05 13:58:43.155631+00	20	227	7
552	lesson_text	7	2026-05-05 13:58:43.156265+00	20	165	7
553	lesson_text	7	2026-05-05 13:58:43.441881+00	20	346	7
554	lesson_text	7	2026-05-05 13:58:43.733478+00	20	347	7
555	lesson_text	7	2026-05-05 13:58:43.734302+00	20	327	7
556	lesson_text	7	2026-05-05 13:58:43.734961+00	20	203	7
557	lesson_text	7	2026-05-05 13:58:44.025296+00	20	348	7
558	lesson_text	7	2026-05-05 13:58:44.026121+00	20	200	7
559	lesson_text	7	2026-05-05 13:58:44.026762+00	20	183	7
560	lesson_text	7	2026-05-05 13:58:44.027457+00	20	300	7
561	lesson_text	7	2026-05-05 13:58:44.028099+00	20	180	7
562	lesson_text	7	2026-05-05 13:58:44.028785+00	20	164	7
563	lesson_text	7	2026-05-05 13:58:44.02972+00	20	163	7
564	lesson_text	7	2026-05-05 13:58:44.309094+00	20	349	7
565	lesson_text	7	2026-05-05 13:58:44.30991+00	20	277	7
566	lesson_text	7	2026-05-05 13:58:44.310824+00	20	157	7
567	lesson_text	7	2026-05-05 13:58:44.311775+00	20	141	7
568	lesson_text	7	2026-05-05 13:58:44.312423+00	20	191	7
569	lesson_text	7	2026-05-05 13:58:44.644104+00	20	350	7
570	lesson_text	7	2026-05-05 13:58:44.930257+00	20	351	7
571	lesson_text	7	2026-05-05 13:58:44.931167+00	20	193	7
574	lesson_text	1	2026-05-06 17:36:59.800208+00	20	353	1
575	lesson_text	1	2026-05-06 17:36:59.803706+00	20	179	1
576	lesson_text	7	2026-05-06 18:21:59.836408+00	20	173	7
577	lesson_text	7	2026-05-06 18:22:00.418132+00	20	354	7
578	lesson_text	7	2026-05-06 18:22:00.731301+00	20	355	7
579	lesson_text	7	2026-05-06 18:22:01.002929+00	20	356	7
580	lesson_text	7	2026-05-06 18:22:01.554775+00	20	357	7
581	lesson_text	7	2026-05-06 18:22:01.831361+00	20	358	7
582	lesson_text	7	2026-05-06 18:22:01.832302+00	20	234	7
583	lesson_text	7	2026-05-06 18:22:01.832975+00	20	159	7
584	lesson_text	7	2026-05-06 18:22:01.833591+00	20	186	7
585	lesson_text	7	2026-05-06 18:22:01.834191+00	20	265	7
586	lesson_text	7	2026-05-06 18:22:01.834781+00	20	251	7
587	lesson_text	7	2026-05-06 18:22:02.133517+00	20	359	7
588	lesson_text	7	2026-05-06 18:22:02.426412+00	20	360	7
589	lesson_text	7	2026-05-06 18:22:02.719136+00	20	361	7
590	lesson_text	7	2026-05-06 18:22:02.7201+00	20	206	7
591	lesson_text	7	2026-05-06 18:22:02.720823+00	20	326	7
592	lesson_text	7	2026-05-06 18:22:02.721471+00	20	228	7
593	lesson_text	4	2026-05-18 17:11:13.653812+00	20	228	4
594	lesson_text	4	2026-05-18 17:11:14.005646+00	20	363	4
595	lesson_text	4	2026-05-18 17:11:14.330662+00	20	364	4
596	lesson_text	4	2026-05-18 17:11:14.331929+00	20	300	4
597	lesson_text	4	2026-05-18 17:11:14.639845+00	20	365	4
598	lesson_text	4	2026-05-18 17:11:15.003573+00	20	366	4
599	lesson_text	4	2026-05-18 17:11:15.004478+00	20	254	4
600	lesson_text	4	2026-05-18 17:11:15.005132+00	20	209	4
601	lesson_text	5	2026-05-18 17:25:49.91192+00	20	342	5
602	lesson_text	5	2026-05-18 17:25:50.208494+00	20	367	5
603	lesson_text	5	2026-05-18 17:25:50.209262+00	20	156	5
604	lesson_text	5	2026-05-18 17:25:50.487457+00	20	368	5
605	lesson_text	5	2026-05-18 17:25:50.812257+00	20	369	5
606	lesson_text	5	2026-05-18 17:25:50.81312+00	20	321	5
607	lesson_text	5	2026-05-18 17:25:51.116722+00	20	370	5
608	lesson_text	5	2026-05-18 17:25:51.394686+00	20	371	5
609	lesson_text	5	2026-05-18 17:25:51.714411+00	20	372	5
610	lesson_text	5	2026-05-18 17:25:51.715221+00	20	251	5
611	lesson_text	2	2026-05-18 17:28:04.419147+00	20	373	2
612	lesson_text	2	2026-05-18 17:28:04.983714+00	20	374	2
613	lesson_text	2	2026-05-18 17:28:05.292574+00	20	375	2
614	lesson_text	2	2026-05-18 17:28:05.600884+00	20	376	2
615	lesson_text	2	2026-05-18 17:28:05.878832+00	20	377	2
616	lesson_text	2	2026-05-18 17:29:18.064357+00	20	280	2
617	lesson_text	2	2026-05-18 17:29:18.065298+00	20	179	2
618	lesson_text	2	2026-05-18 17:29:18.065862+00	20	321	2
619	lesson_text	2	2026-05-18 17:29:18.066325+00	20	225	2
620	lesson_text	2	2026-05-18 17:29:18.357411+00	20	378	2
\.


--
-- Data for Name: byword_lesson; Type: TABLE DATA; Schema: public; Owner: byword
--

COPY public.byword_lesson (id, number, name) FROM stdin;
2	2	The Beginning (Cont)
3	3	The light
4	4	The Sky
5	5	The Dry Land and the Sea
6	6	The Plants
7	7	Sun and Stars
13	8	The fish and the birds
14	9	The human beings
1	1	The Beginning
\.


--
-- Data for Name: byword_lessontext; Type: TABLE DATA; Schema: public; Owner: byword
--

COPY public.byword_lessontext (id, title, text, lesson_id, subtitle) FROM stdin;
6	The Plants	Green\r\nThe grass is green\r\nThe plants\r\nThis is a tree\r\nThen God said, "Let the earth grow grass, plants and trees\r\nYELLOW\r\nThe flowers are yellow\r\norange\r\nThe oranges are orange\r\nRED\r\nThe apples are red\r\nGrapes are colorful\r\nFruits are colorful\r\nThe seeds\r\nThere will be plants with their seeds and trees with their fruits.\r\nThere are many types of plants\r\nAnd there are many kinds of trees\r\nAll kinds of plants and trees began to grow in the ground.\r\nThe plants made seeds.\r\nThe trees made fruits with seeds in them.\r\n Each plant made its own kind of seeds.\r\nGod looked at what he had made. He saw that it was good.\r\nOne leaf \r\nSome leaves\r\nThese leaves are green\r\nThis tree has \r\ngreen leaves	6	Lesson Text
2	The Beginning (Cont.)	Daisy – He's my brother!\r\nMike – And she is my sister! \r\n\r\nDaisy – I'm studying! 😊   \r\nMike – Good for you! 😀\r\nDaisy – And I'm learning… ☺️\r\nMike – That's very good!  \r\nMike – I want to learn too\r\n \r\nIn the beginning God created the heavens and the earth.\r\n\r\nThe earth was without shape and it was empty. \r\n\r\nWater\r\n\r\nDeep water\r\n\r\nShallow water \r\n\r\nPlanet Earth \r\n\r\nThis is our Planet\r\n\r\nThe earth\r\n\r\nWhite\r\n\r\nSome clouds are white\r\n\r\nGray\r\n\r\nSome clouds are gray\r\n\r\nA cloudy sky \r\n\r\nGray, Dark gray, Black\r\n\r\nDeep water covered \r\nthe earth and everywhere was dark. \r\n\r\nThe clouds are above the water\r\n\r\nThe water is below the clouds.\r\n\r\nThe Spirit of God moved above the water.	2	Lesson Text
5	The Dry Land and the Sea	Water\r\nover and under\r\nthe balloon is over the sea\r\nthe glass is on the table\r\n\r\nGod said, ‘The water that is under the sky will come together in one place.\r\nThe Dry Land\r\nBrown\r\nThe soil is brown \r\nThen dry land will appear.’ And what God said happened.”\r\nGod named the dry land “earth”, \r\n(Genesis 1:10a)\r\nGather\r\nDaisy – We're going to fly in the balloon!\r\nMike – That's great!\r\nDaisy – Let's celebrate!\r\nMike – Yes! Let's gather our hands!\r\nAll – 1, 2, 3… Hurray 🎉\r\nThe sea\r\nThe sea is salty\r\nThe sea is big\r\nand He named the water that was gathered together “seas”.\r\nAnd God saw that this was good.\r\nThe sea\r\nThe beach\r\nThe beach is beautiful\r\nDaisy – The sea is so beautiful! 😊\r\nMike – Yes, I see!\r\nDaisy – What?\r\nMike – I see the sea. The sea is beautiful! And the beach is beautiful too.	5	Lesson Text
4	The Sky	The Sky \r\nDaisy – The sky is so beautiful! 😊\r\nMike – and there are many clouds 🙄\r\nDaisy – So many! I can't count them! \r\nMike – one☝🏻, two✌🏻, three… \r\n\r\nDaisy – I'm thirsty! Can you bring me a glass of water? \r\nMike – Yes, sure!\r\nDaisy – Thanks. \r\n\r\nBetween\r\nThere's a cloud between the balls!\r\n\r\nSpace\r\nThere's a space between the balls!\r\n\r\nAppear\r\nThe water appeared in the glass!\r\n\r\nDisappear\r\nThe water disappeared from the glass!\r\n\r\nWide and narrow \r\nA wide glass!\r\nA narrow glass!\r\n\r\nThen God said, “A wide space will appear  between the waters. So the waters will be in two separate places!” \r\n\r\nSo God made the space and separated the water. \r\n\r\nAbove\r\nBelow\r\n\r\nSome of the water was above it, and some of the water was below it. \r\n\r\nGod named that space: Sky\r\n\r\nA dark night\r\nThe night is dark\r\n\r\nThe sky is dark \r\n\r\n There is darkness\r\n during the night.	4	Lesson Text
1	The Beginning	The Beginning \r\nDaisy – Hi! I'm Daisy! I am\r\nMike – Hey! I'm Mike! \r\nDaisy – We will study with you… ️\r\nMike – And we will learn together!  \r\nThe beginning  \r\nCreate\r\nThe earth\r\nThe heavens\r\nIn the beginning God created the heavens and the earth.\r\nBlue\r\nThe sky is blue\r\nClouds\r\nThe clouds are in the sky\r\nSHAPES\r\nhat\r\nhelicopter\r\nfeather\r\ntornado\r\n###\r\n\r\nThe lionet \r\nDaisy – Look! A lionet!\r\nMike – Where?\r\nDaisy – In the sky…\r\nMike – It's beautiful! 😊 But it's not a real one…\r\nDaisy – No, it's a cloud in the shape of a lionet.\r\nThe earth / soil\r\nEmpty soil\r\nFull\r\nEmpty\r\nThe earth was without shape and it was empty. \r\n\r\n\r\nThe earth was without shape and it was empty. \r\nThe end	1	Lesson Text
7	Sun and Stars	The sun\r\nThe sun is in the sky\r\nThe sun is bright\r\nThe night\r\nThe moon\r\nThe moon is bright\r\nDaisy –  I like to see the full moon… 🌕 It is so bright!\r\nMike – The moon is bright. But the sun is brighter. 🔆\r\nDaisy – Yes, but during the night we only see the moon.\r\nMike – No, we also see the stars! ✨ \r\nDaisy – That's true! The universe is full of stars!\r\nMike – Yes, so many stars, we can't count them!\r\nDaisy – Did you know... the Sun is actually a star?\r\nMike – Really? That's why it's so bright! We have our own star!\r\nThe brighter light ruled over the day. \r\nThe less bright light ruled over the night.  \r\nGenesis 1:16 \r\nThe stars \r\nGod also made the stars.\r\nGod put these lights in the sky to shine on the earth.\r\nHe put them in the sky to rule over the day…\r\n… and over the night. \r\nGenesis 1:18a \r\nThey separated the light \r\nfrom the darkness.\r\nGenesis 1:18b\r\nAnd God saw that this was good.	7	Lesson Text
3	The light	The light \r\nDaisy – Hi, Mike! Mom's calling you 😊 \r\nMike – … 🙄\r\nDaisy – Planet Earth calling Mike 😄\r\nMike – 😯Oh… Hi, Daisy!! I didn't hear you!\r\nDaisy – hum…\r\nMike – What did you say?\r\nDaisy – I said that mom is calling you! 😊\r\nMike – Who’s calling me? Mom or planet Earth? 🙃\r\n\r\nGod said, \r\n‘There will be light!’ \r\nAnd there was light.\r\n\r\nGod saw\r\nthat the light \r\nwas good!\r\n\r\nThe light is good\r\n\r\nSeparate\r\n\r\nThe balls are near each other!\r\nSeparate\r\nNow they are far from each other!!\r\n\r\nThen He separated the Light from the darkness\r\n\r\nDay\r\nNight\r\n\r\nA bright day\r\n\r\na dark night\r\n\r\nGod called the light ‘day’. \r\nAnd the darkness ‘night’.	3	Lesson Text
\.


--
-- Data for Name: byword_music; Type: TABLE DATA; Schema: public; Owner: byword
--

COPY public.byword_music (id, title, author, youtube_url, spotify_url, lyrics, lyrics_spaces, lesson_id, subtitle, ignored_words) FROM stdin;
11	Skidamarink	\N			Skidamarink a-dink a-dink\r\nSkidamarink a-doo\r\nI love you\r\nSkidamarink a-dink a-dink\r\nSkidamarink a-doo\r\nI love you\r\n\r\nI love you in the morning\r\nAnd in the afternoon\r\nI love you in the evening\r\nAnd underneath the moon	Skidamarink a-dink a-dink\r\nSkidamarink a-doo\r\nI love you\r\nSkidamarink a-dink a-dink\r\nSkidamarink a-doo\r\nI love you\r\n\r\nI love you in the morning\r\nAnd in the afternoon\r\nI love you in the evening\r\nAnd underneath the moon	\N	Music	Skidamarink dink doo a
\.


--
-- Data for Name: byword_reference; Type: TABLE DATA; Schema: public; Owner: byword
--

COPY public.byword_reference (id, reference, book, chapter, verse, notes, created_at, lesson_id, subtitle) FROM stdin;
2	Genesis 1:2 (NLT, EASY)	Genesis	1	2		2026-05-09 11:54:19.363252+00	2	Genesis 1:2 (NLT, EASY)
1	Genesis 1:1 (NLT, EASY)	Genecis	1	1		2026-05-09 11:53:57.979252+00	1	\N
\.


--
-- Data for Name: byword_scramblesentence; Type: TABLE DATA; Schema: public; Owner: byword
--

COPY public.byword_scramblesentence (id, subtitle, original_text, scrambled_text, created_at, lesson_id) FROM stdin;
1	Scramble Sentence	We will study with you\r\nAnd we will learn together!\r\nThe clouds are in the sky\r\nIn the beginning God created the heavens and the earth.	will study you We with\ntogether we will And learn!\nThe the in sky clouds are\nIn the and the the God created earth heavens beginning.	2026-05-12 07:09:09.438672+00	1
\.


--
-- Data for Name: byword_scrambleword; Type: TABLE DATA; Schema: public; Owner: byword
--

COPY public.byword_scrambleword (id, texto_original, texto_embaralhado, criado_em, titulo, lesson_id, subtitle) FROM stdin;
7	all beach big brown come dry gather hands happened hurray land over place salty sea see table too under yes	all eachb ibg obnwr cemo ydr etaghr dsahn pdahneep arryuh danl orev lapce yltas aes ese baelt oto nrdeu sey	2026-05-05 14:39:35.968895+00	5 - The Dry Land and the Sea	5	Scrambled words
8	yellow tree ground colorful began grow let their these flowers leaf leaves fruits grass orange oranges apples plant plants seeds has own kind types had grapes green red looked	wlleoy tree gnordu lurlfoco egbna owgr let rtihe eetsh ofwrels ealf valees uitfsr srgas narego osangre pspeal apntl plsnat seeds has won inkd tspey hda gsaper eegnr edr klodeo	2026-05-05 14:48:19.762378+00	6 - The Plants	6	Scrambled words
10	appear between can count disappear during glass made many named narrow places so space them three two waters wide	prpaae ebwnete acn utnoc paeardspi ndiugr lsags dmae nyma menad rorawn clpaes so peasc mteh teerh wot wtraes wide	2026-05-05 15:02:06.034087+00	4 - The Sky	4	Scrambled words
2	SEPARETA CALL DARKNESS LIGHT HERE THERE CALLING HEAR SAY SAID SEE SAW GOOD BAD MAKE MADE NIGHT DAY ABOVE BELOW SPACE	EPTAARSE LALC ENSKDASR LTGIH HEER ETREH ALNILGC RHEA ASY AISD ESE AWS OGOD DAB MAEK MDAE GHTNI AYD AVBEO OBWEL EPCAS	2026-04-30 14:37:04.059272+00	3 - The light	3	Scrambled words
11	actually also brighter can't have know less lights like moon on only put really rule ruled shine star stars sun true universe why	uctlaayl saol btrhegir antc' veha oknw lses hlstgi eikl omon on olny tup laeryl reul ledru seihn sart astrs nus ture eivnseur hyw	2026-05-06 18:27:12.211709+00	7 - Sun and Stars	7	Scrambled words
12	beautiful beginning blue cloud clouds create created daisy earth empty feather full god heavens helicopter learn lionet look mike not real shape shapes sky soil study together tornado where will with without	ulubeftai iggeninbn lebu lcdou dulosc atrece cradtee dasyi haert petmy threefa lluf odg savnehe hlpertoice nrale toilen olok kmie ton earl espah heassp yks lsoi tusyd ehogtetr ntorado hewre will with totiwuh	2026-05-08 02:09:01.538135+00	1 - The Beginning	1	Scrambled words
13	above below black cloudy covered dark deep everywhere good gray learning moved planet shallow some spirit studying that's this very water white	abevo bwelo aklcb clydou rcdevoe ardk eped everryhwee dogo aryg egrlnina eodvm eantpl solahlw moes ptisir tiungdys tath's tihs rvye tware ithwe	2026-05-08 02:46:51.574792+00	2 - The Beginning (Cont)	2	Scrambled words
\.


--
-- Data for Name: byword_verse; Type: TABLE DATA; Schema: public; Owner: byword
--

COPY public.byword_verse (id, number, original_text, masked_text, notes, created_at, lesson_id, reference_id, subtitle) FROM stdin;
1	1	*[¹] At the first God made the heaven and the earth.*	___________________________________________________________________________________________________________________________________________________________		2026-05-09 11:57:34.08598+00	1	1	Write the Verse [1]
2	2	*[2] The earth was without shape and empty.*	________________________________________________________________________________________________________________________________		2026-05-10 18:23:42.808289+00	1	2	Write the Verse [2]
\.


--
-- Data for Name: byword_word; Type: TABLE DATA; Schema: public; Owner: byword
--

COPY public.byword_word (id, text, normalized, wordsearch_id) FROM stdin;
150	ALL		11
151	BEACH		11
152	BIG		11
153	BROWN		11
154	COME		11
155	DRY		11
156	GATHER		11
157	HANDS		11
158	HAPPENED		11
159	HURRAY		11
160	LAND		11
12	LIGHT	LIGHT	3
13	CALL	CALL	3
14	HEAR	HEAR	3
15	THERE	THERE	3
16	CALLING	CALLING	3
17	HERE	HERE	3
161	OVER		11
162	PLACE		11
163	SALTY		11
164	SEA		11
165	SEE		11
166	TABLE		11
167	TOO		11
1	BEGINNING	BEGINNING	1
2	BEGIN	BEGIN	1
3	GOD	GOD	1
4	CREATE	CREATE	1
5	HEAVENS	HEAVENS	1
6	EARTH	EARTH	1
25	SHAPE	SHAPE	1
26	EMPTY	EMPTY	1
27	FULL	FULL	1
28	LEARN	LEARN	1
29	STUDY	STUDY	1
30	TOGETHER	TOGETHER	1
31	WITH	WITH	1
32	WITHOUT	WITHOUT	1
7	ABOVE	ABOVE	2
8	BELOW	BELOW	2
9	BLACK	BLACK	2
10	COVER	COVER	2
11	CLOUDY	CLOUDY	2
33	DARK	DARK	2
34	DEEP	DEEP	2
35	EVERYWHERE	EVERYWHERE	2
36	GOOD	GOOD	2
37	GRAY	GRAY	2
38	LEARN	LEARN	2
39	MOVE	MOVE	2
40	PLANET	PLANET	2
41	SHALLOW	SHALLOW	2
42	SOME	SOME	2
43	SPIRIT	SPIRIT	2
44	STUDY	STUDY	2
45	WATER	WATER	2
46	WHITE	WHITE	2
47	VERY	VERY	2
48	BALL	BALL	3
49	BRIGHT	BRIGHT	3
50	DARKNESS	DARKNESS	3
51	DAY	DAY	3
52	EACH	EACH	3
53	FROM	FROM	3
54	NEAR	NEAR	3
55	NIGHT	NIGHT	3
56	NOW	NOW	3
57	OTHER	OTHER	3
58	SAY	SAY	3
59	SEPARATE	SEPARATE	3
60	THEN	THEN	3
61	WHAT	WHAT	3
18	APPEAR	APPEAR	4
19	BETWEEN	BETWEEN	4
20	COUNT	COUNT	4
21	DISAPPEAR	DISAPPEAR	4
22	DURING	DURING	4
23	GLASS	GLASS	4
24	MAKE	MAKE	4
62	MANY	MANY	4
63	NAME	NAME	4
64	NARROW	NARROW	4
65	PLACE	PLACE	4
66	SPACE	SPACE	4
67	THEM	THEM	4
68	WIDE	WIDE	4
69	ONE	ONE	4
70	TWO	TWO	4
71	THREE	THREE	4
168	UNDER		11
169	YES		11
170	APPLES		12
171	BEGAN		12
172	COLORFUL		12
173	FLOWERS		12
174	FRUITS		12
175	GRAPES		12
176	GRASS		12
177	GREEN		12
178	GROUND		12
179	KIND		12
180	LEAVES		12
181	LOOKED		12
182	ORANGE		12
183	ORANGES		12
184	PLANT		12
185	SEEDS		12
186	THEIR		12
187	THESE		12
188	TREE		12
189	YELLOW		12
190	ALSO		13
191	BRIGHTER		13
192	HAVE		13
193	LESS		13
195	LIKE		13
196	MOON		13
197	ONLY		13
198	PUT		13
199	RULE		13
201	SHINE		13
202	STARS		13
203	SUN		13
194	LIGHT	LIGHT	13
204	NIGHT	NIGHT	13
200	DAY	DAY	13
205	SKY	SKY	13
206	ACTUALLY		14
207	ALSO		14
208	BRIGHTER		14
209	CAN'T		14
210	HAVE		14
211	KNOW		14
212	LESS		14
213	LIGHTS		14
214	LIKE		14
215	MOON		14
216	ON		14
217	ONLY		14
218	PUT		14
219	REALLY		14
220	RULE		14
221	RULED		14
222	SHINE		14
223	STAR		14
224	STARS		14
225	SUN		14
226	TRUE		14
227	UNIVERSE		14
228	WHY		14
\.


--
-- Data for Name: byword_wordsearch; Type: TABLE DATA; Schema: public; Owner: byword
--

COPY public.byword_wordsearch (id, name, rows, cols, grid, solution, created_at, lesson_id, subtitle) FROM stdin;
3	3 - The Light	15	15	[["B", "R", "Y", "F", "Y", "O", "E", "R", "E", "H", "Q", "S", "C", "Y", "J"], ["T", "C", "A", "V", "U", "R", "T", "C", "B", "L", "Z", "G", "G", "Z", "V"], ["N", "H", "D", "E", "T", "P", "Q", "H", "X", "A", "O", "B", "N", "O", "V"], ["D", "O", "G", "E", "N", "E", "I", "C", "E", "T", "U", "L", "I", "L", "V"], ["F", "T", "W", "I", "S", "V", "A", "G", "H", "N", "W", "P", "L", "L", "K"], ["A", "H", "H", "V", "N", "L", "N", "E", "R", "E", "R", "S", "L", "I", "C"], ["R", "G", "A", "M", "L", "O", "R", "A", "J", "K", "O", "T", "A", "G", "W"], ["Y", "I", "T", "O", "W", "E", "E", "E", "L", "O", "B", "N", "C", "H", "O"], ["N", "R", "S", "R", "T", "H", "Y", "Z", "T", "C", "Y", "L", "O", "T", "T"], ["J", "B", "L", "F", "R", "D", "I", "A", "A", "A", "F", "E", "O", "F", "H"], ["N", "R", "M", "L", "V", "N", "D", "A", "L", "X", "R", "M", "C", "K", "E"], ["U", "E", "H", "D", "A", "R", "K", "N", "E", "S", "S", "A", "W", "H", "R"], ["S", "A", "A", "M", "M", "B", "D", "H", "G", "F", "C", "I", "P", "F", "R"], ["H", "G", "Y", "C", "T", "O", "C", "L", "V", "X", "Y", "A", "S", "E", "N"], ["D", "D", "B", "Q", "H", "C", "N", "N", "H", "P", "H", "M", "E", "E", "S"]]	[{"word": "DARKNESS", "positions": [[11, 3], [11, 4], [11, 5], [11, 6], [11, 7], [11, 8], [11, 9], [11, 10]]}, {"word": "SEPARATE", "positions": [[14, 14], [13, 13], [12, 12], [11, 11], [10, 10], [9, 9], [8, 8], [7, 7]]}, {"word": "CALLING", "positions": [[7, 12], [6, 12], [5, 12], [4, 12], [3, 12], [2, 12], [1, 12]]}, {"word": "BRIGHT", "positions": [[9, 1], [8, 1], [7, 1], [6, 1], [5, 1], [4, 1]]}, {"word": "LIGHT", "positions": [[4, 13], [5, 13], [6, 13], [7, 13], [8, 13]]}, {"word": "THERE", "positions": [[3, 9], [4, 8], [5, 7], [6, 6], [7, 5]]}, {"word": "NIGHT", "positions": [[5, 4], [4, 3], [3, 2], [2, 1], [1, 0]]}, {"word": "OTHER", "positions": [[7, 14], [8, 14], [9, 14], [10, 14], [11, 14]]}, {"word": "CALL", "positions": [[3, 7], [4, 6], [5, 5], [6, 4]]}, {"word": "HEAR", "positions": [[8, 5], [7, 6], [6, 7], [5, 8]]}, {"word": "HERE", "positions": [[0, 9], [0, 8], [0, 7], [0, 6]]}, {"word": "BALL", "positions": [[12, 5], [11, 4], [10, 3], [9, 2]]}, {"word": "EACH", "positions": [[11, 1], [12, 2], [13, 3], [14, 4]]}, {"word": "FROM", "positions": [[9, 3], [8, 3], [7, 3], [6, 3]]}, {"word": "NEAR", "positions": [[3, 4], [2, 3], [1, 2], [0, 1]]}, {"word": "THEN", "positions": [[1, 6], [2, 7], [3, 8], [4, 9]]}, {"word": "WHAT", "positions": [[4, 2], [5, 2], [6, 2], [7, 2]]}, {"word": "DAY", "positions": [[2, 2], [1, 2], [0, 2]]}, {"word": "NOW", "positions": [[5, 6], [6, 5], [7, 4]]}, {"word": "SAY", "positions": [[13, 12], [13, 11], [13, 10]]}]	2026-04-27 22:32:20.796703+00	3	Word search
2	2 - The Beginning (cont.)	14	14	[["X", "D", "Q", "B", "K", "E", "E", "V", "O", "B", "A", "D", "O", "C"], ["V", "A", "S", "U", "E", "E", "N", "S", "P", "H", "P", "W", "S", "U"], ["A", "R", "C", "O", "C", "R", "T", "D", "P", "L", "A", "N", "E", "T"], ["G", "K", "O", "C", "N", "Y", "E", "I", "O", "V", "A", "F", "N", "Y"], ["S", "M", "V", "L", "B", "D", "L", "H", "H", "O", "V", "G", "R", "N"], ["Z", "T", "E", "O", "P", "U", "G", "P", "W", "W", "G", "E", "Y", "R"], ["B", "E", "R", "U", "R", "T", "J", "R", "U", "Y", "V", "E", "A", "A"], ["F", "M", "F", "D", "S", "S", "Q", "S", "A", "U", "R", "K", "Q", "E"], ["B", "O", "O", "Y", "S", "W", "H", "Z", "C", "Y", "C", "E", "Q", "L"], ["S", "S", "O", "S", "D", "W", "O", "L", "L", "A", "H", "S", "V", "V"], ["H", "F", "L", "E", "U", "M", "G", "B", "L", "G", "R", "L", "Q", "E"], ["L", "Y", "E", "Z", "D", "L", "S", "B", "D", "M", "P", "K", "C", "F"], ["O", "P", "M", "L", "M", "O", "V", "E", "N", "W", "A", "T", "E", "R"], ["W", "O", "L", "E", "B", "E", "E", "C", "S", "P", "I", "R", "I", "T"]]	[{"word": "EVERYWHERE", "positions": [[10, 13], [9, 12], [8, 11], [7, 10], [6, 9], [5, 8], [4, 7], [3, 6], [2, 5], [1, 4]]}, {"word": "SHALLOW", "positions": [[9, 11], [9, 10], [9, 9], [9, 8], [9, 7], [9, 6], [9, 5]]}, {"word": "CLOUDY", "positions": [[3, 3], [4, 3], [5, 3], [6, 3], [7, 3], [8, 3]]}, {"word": "PLANET", "positions": [[2, 8], [2, 9], [2, 10], [2, 11], [2, 12], [2, 13]]}, {"word": "SPIRIT", "positions": [[13, 8], [13, 9], [13, 10], [13, 11], [13, 12], [13, 13]]}, {"word": "ABOVE", "positions": [[0, 10], [0, 9], [0, 8], [0, 7], [0, 6]]}, {"word": "BELOW", "positions": [[13, 4], [13, 3], [13, 2], [13, 1], [13, 0]]}, {"word": "BLACK", "positions": [[11, 7], [10, 8], [9, 9], [8, 10], [7, 11]]}, {"word": "COVER", "positions": [[2, 2], [3, 2], [4, 2], [5, 2], [6, 2]]}, {"word": "LEARN", "positions": [[8, 13], [7, 13], [6, 13], [5, 13], [4, 13]]}, {"word": "STUDY", "positions": [[7, 5], [6, 5], [5, 5], [4, 5], [3, 5]]}, {"word": "WATER", "positions": [[12, 9], [12, 10], [12, 11], [12, 12], [12, 13]]}, {"word": "WHITE", "positions": [[5, 9], [4, 8], [3, 7], [2, 6], [1, 5]]}, {"word": "DARK", "positions": [[0, 1], [1, 1], [2, 1], [3, 1]]}, {"word": "DEEP", "positions": [[9, 4], [10, 3], [11, 2], [12, 1]]}, {"word": "GOOD", "positions": [[5, 10], [4, 9], [3, 8], [2, 7]]}, {"word": "GRAY", "positions": [[5, 6], [6, 7], [7, 8], [8, 9]]}, {"word": "MOVE", "positions": [[12, 4], [12, 5], [12, 6], [12, 7]]}, {"word": "SOME", "positions": [[9, 1], [8, 1], [7, 1], [6, 1]]}, {"word": "VERY", "positions": [[6, 10], [5, 11], [4, 12], [3, 13]]}]	2026-04-27 12:51:31.867945+00	2	Word search
1	1 - The Beginning	14	14	[["B", "P", "W", "Y", "Q", "C", "I", "P", "H", "R", "F", "S", "C", "B"], ["P", "J", "J", "Z", "R", "C", "C", "P", "E", "V", "K", "U", "E", "V"], ["G", "Q", "Y", "G", "E", "H", "C", "I", "A", "V", "M", "G", "L", "Z"], ["W", "A", "B", "P", "H", "O", "M", "H", "V", "X", "I", "D", "D", "L"], ["S", "F", "L", "U", "T", "S", "M", "W", "E", "N", "J", "P", "O", "I"], ["H", "K", "C", "V", "E", "V", "R", "N", "N", "U", "C", "L", "G", "V"], ["A", "F", "F", "K", "G", "M", "A", "I", "S", "I", "I", "S", "G", "P"], ["P", "J", "C", "Q", "O", "V", "N", "T", "I", "H", "A", "K", "W", "T"], ["E", "U", "O", "R", "T", "G", "U", "C", "T", "B", "T", "J", "U", "X"], ["B", "V", "R", "J", "E", "D", "Y", "R", "M", "C", "P", "O", "T", "N"], ["Y", "E", "N", "J", "Y", "A", "A", "W", "I", "T", "H", "L", "Q", "R"], ["V", "R", "G", "M", "W", "E", "T", "Q", "V", "T", "D", "S", "V", "A"], ["V", "R", "M", "I", "X", "E", "E", "E", "I", "Y", "T", "P", "M", "E"], ["B", "C", "I", "W", "N", "G", "L", "W", "T", "A", "I", "S", "I", "L"]]	[{"word": "BEGINNING", "positions": [[0, 13], [1, 12], [2, 11], [3, 10], [4, 9], [5, 8], [6, 7], [7, 6], [8, 5]]}, {"word": "TOGETHER", "positions": [[8, 4], [7, 4], [6, 4], [5, 4], [4, 4], [3, 4], [2, 4], [1, 4]]}, {"word": "HEAVENS", "positions": [[0, 8], [1, 8], [2, 8], [3, 8], [4, 8], [5, 8], [6, 8]]}, {"word": "WITHOUT", "positions": [[13, 7], [12, 8], [11, 9], [10, 10], [9, 11], [8, 12], [7, 13]]}, {"word": "CREATE", "positions": [[7, 2], [8, 3], [9, 4], [10, 5], [11, 6], [12, 7]]}, {"word": "BEGIN", "positions": [[9, 0], [10, 1], [11, 2], [12, 3], [13, 4]]}, {"word": "EARTH", "positions": [[11, 5], [10, 6], [9, 7], [8, 8], [7, 9]]}, {"word": "SHAPE", "positions": [[4, 0], [5, 0], [6, 0], [7, 0], [8, 0]]}, {"word": "EMPTY", "positions": [[12, 13], [12, 12], [12, 11], [12, 10], [12, 9]]}, {"word": "LEARN", "positions": [[13, 13], [12, 13], [11, 13], [10, 13], [9, 13]]}, {"word": "STUDY", "positions": [[6, 8], [7, 7], [8, 6], [9, 5], [10, 4]]}, {"word": "FULL", "positions": [[0, 10], [1, 11], [2, 12], [3, 13]]}, {"word": "WITH", "positions": [[10, 7], [10, 8], [10, 9], [10, 10]]}, {"word": "GOD", "positions": [[5, 12], [4, 12], [3, 12]]}]	2026-04-27 12:16:12.951238+00	1	Word search
4	4 - The Sky	14	14	[["E", "M", "A", "N", "P", "A", "W", "X", "L", "I", "L", "Q", "X", "E"], ["D", "B", "C", "V", "D", "H", "P", "U", "R", "G", "F", "Z", "L", "H"], ["V", "I", "M", "E", "H", "T", "Y", "P", "N", "A", "T", "K", "V", "W"], ["L", "S", "S", "A", "L", "G", "J", "I", "E", "Q", "M", "C", "L", "U"], ["J", "S", "E", "A", "G", "K", "R", "Q", "X", "A", "M", "I", "A", "B"], ["J", "P", "K", "B", "P", "U", "B", "N", "E", "A", "R", "K", "A", "M"], ["N", "A", "A", "I", "D", "P", "M", "L", "N", "D", "U", "D", "I", "V"], ["X", "C", "M", "R", "U", "A", "E", "Y", "N", "T", "I", "Z", "X", "Y"], ["M", "E", "I", "F", "I", "K", "F", "A", "Z", "Z", "L", "W", "D", "N"], ["A", "S", "R", "R", "I", "P", "H", "W", "R", "E", "C", "A", "L", "P"], ["T", "N", "C", "X", "Z", "N", "E", "W", "C", "O", "U", "N", "T", "O"], ["U", "B", "A", "N", "E", "E", "W", "T", "E", "B", "P", "V", "C", "O"], ["X", "E", "I", "N", "N", "Z", "R", "Q", "M", "M", "J", "C", "Z", "N"], ["E", "I", "P", "E", "V", "U", "W", "O", "R", "R", "A", "N", "L", "M"]]	[{"word": "DISAPPEAR", "positions": [[1, 0], [2, 1], [3, 2], [4, 3], [5, 4], [6, 5], [7, 6], [8, 7], [9, 8]]}, {"word": "BETWEEN", "positions": [[11, 9], [11, 8], [11, 7], [11, 6], [11, 5], [11, 4], [11, 3]]}, {"word": "APPEAR", "positions": [[0, 5], [1, 6], [2, 7], [3, 8], [4, 9], [5, 10]]}, {"word": "DURING", "positions": [[6, 4], [5, 5], [4, 6], [3, 7], [2, 8], [1, 9]]}, {"word": "NARROW", "positions": [[13, 11], [13, 10], [13, 9], [13, 8], [13, 7], [13, 6]]}, {"word": "COUNT", "positions": [[10, 8], [10, 9], [10, 10], [10, 11], [10, 12]]}, {"word": "GLASS", "positions": [[3, 5], [3, 4], [3, 3], [3, 2], [3, 1]]}, {"word": "PLACE", "positions": [[9, 13], [9, 12], [9, 11], [9, 10], [9, 9]]}, {"word": "SPACE", "positions": [[4, 1], [5, 1], [6, 1], [7, 1], [8, 1]]}, {"word": "MAKE", "positions": [[7, 2], [6, 2], [5, 2], [4, 2]]}, {"word": "MANY", "positions": [[4, 10], [5, 9], [6, 8], [7, 7]]}, {"word": "NAME", "positions": [[0, 3], [0, 2], [0, 1], [0, 0]]}, {"word": "THEM", "positions": [[2, 5], [2, 4], [2, 3], [2, 2]]}, {"word": "WIDE", "positions": [[8, 11], [7, 10], [6, 9], [5, 8]]}]	2026-04-28 22:19:34.204857+00	4	Word search
14	Lesson 7	14	14	[["W", "B", "S", "U", "N", "T", "X", "S", "L", "X", "X", "T", "U", "P"], ["U", "N", "I", "V", "E", "R", "S", "E", "Y", "L", "N", "O", "D", "S"], ["R", "W", "B", "W", "X", "L", "S", "Y", "S", "N", "O", "V", "V", "N"], ["U", "P", "R", "O", "K", "J", "E", "L", "C", "Y", "O", "S", "O", "Z"], ["L", "T", "I", "N", "J", "V", "T", "L", "L", "A", "H", "O", "L", "B"], ["E", "E", "G", "K", "A", "M", "N", "A", "E", "W", "N", "W", "M", "A"], ["E", "X", "H", "H", "S", "C", "Y", "E", "S", "A", "V", "'", "I", "C"], ["K", "F", "T", "G", "V", "R", "E", "R", "S", "D", "Q", "Q", "T", "H"], ["I", "K", "E", "K", "O", "N", "A", "U", "L", "I", "G", "H", "T", "S"], ["L", "K", "R", "E", "I", "X", "Y", "T", "N", "O", "K", "K", "N", "Z"], ["D", "N", "U", "H", "X", "M", "W", "J", "S", "B", "Z", "R", "Z", "B"], ["O", "R", "S", "O", "S", "K", "Y", "L", "L", "A", "U", "T", "C", "A"], ["T", "N", "Q", "L", "D", "E", "L", "U", "R", "F", "B", "D", "D", "J"], ["H", "Y", "S", "T", "A", "R", "X", "M", "H", "Y", "S", "P", "O", "M"]]	[{"word": "ACTUALLY", "positions": [[11, 13], [11, 12], [11, 11], [11, 10], [11, 9], [11, 8], [11, 7], [11, 6]]}, {"word": "BRIGHTER", "positions": [[2, 2], [3, 2], [4, 2], [5, 2], [6, 2], [7, 2], [8, 2], [9, 2]]}, {"word": "UNIVERSE", "positions": [[1, 0], [1, 1], [1, 2], [1, 3], [1, 4], [1, 5], [1, 6], [1, 7]]}, {"word": "LIGHTS", "positions": [[8, 8], [8, 9], [8, 10], [8, 11], [8, 12], [8, 13]]}, {"word": "REALLY", "positions": [[7, 7], [6, 7], [5, 7], [4, 7], [3, 7], [2, 7]]}, {"word": "CAN'T", "positions": [[3, 8], [4, 9], [5, 10], [6, 11], [7, 12]]}, {"word": "RULED", "positions": [[12, 8], [12, 7], [12, 6], [12, 5], [12, 4]]}, {"word": "SHINE", "positions": [[11, 2], [10, 3], [9, 4], [8, 5], [7, 6]]}, {"word": "STARS", "positions": [[10, 8], [9, 7], [8, 6], [7, 5], [6, 4]]}, {"word": "ALSO", "positions": [[5, 13], [4, 12], [3, 11], [2, 10]]}, {"word": "HAVE", "positions": [[6, 3], [5, 4], [4, 5], [3, 6]]}, {"word": "KNOW", "positions": [[5, 3], [4, 3], [3, 3], [2, 3]]}, {"word": "LESS", "positions": [[4, 8], [5, 8], [6, 8], [7, 8]]}, {"word": "LIKE", "positions": [[9, 0], [8, 0], [7, 0], [6, 0]]}, {"word": "MOON", "positions": [[5, 12], [4, 11], [3, 10], [2, 9]]}, {"word": "ONLY", "positions": [[1, 11], [1, 10], [1, 9], [1, 8]]}, {"word": "RULE", "positions": [[2, 0], [3, 0], [4, 0], [5, 0]]}, {"word": "STAR", "positions": [[13, 2], [13, 3], [13, 4], [13, 5]]}, {"word": "TRUE", "positions": [[12, 0], [11, 1], [10, 2], [9, 3]]}, {"word": "PUT", "positions": [[0, 13], [0, 12], [0, 11]]}, {"word": "SUN", "positions": [[0, 2], [0, 3], [0, 4]]}, {"word": "WHY", "positions": [[5, 11], [4, 10], [3, 9]]}, {"word": "ON", "positions": [[9, 9], [9, 8]]}]	2026-05-06 18:28:27.833108+00	7	Word search
12	Lesson 6	14	14	[["I", "S", "B", "E", "G", "A", "N", "F", "S", "C", "E", "O", "O", "S"], ["T", "E", "H", "S", "U", "R", "D", "N", "I", "K", "M", "B", "B", "A"], ["R", "G", "S", "E", "G", "C", "S", "L", "O", "O", "K", "E", "D", "F"], ["I", "N", "M", "V", "R", "O", "E", "Z", "G", "R", "A", "S", "S", "A"], ["E", "A", "Q", "A", "A", "L", "E", "Y", "X", "A", "C", "Z", "O", "A"], ["H", "R", "Q", "E", "P", "O", "D", "Y", "E", "K", "C", "U", "W", "P"], ["T", "O", "O", "L", "E", "R", "S", "G", "T", "L", "G", "T", "U", "P"], ["R", "D", "R", "M", "S", "F", "N", "R", "S", "N", "L", "Q", "G", "L"], ["E", "K", "A", "G", "L", "U", "F", "O", "E", "T", "A", "O", "Q", "E"], ["E", "I", "N", "K", "R", "L", "I", "C", "C", "W", "I", "L", "W", "S"], ["D", "M", "G", "K", "E", "O", "B", "R", "R", "N", "O", "U", "P", "Z"], ["O", "K", "E", "X", "T", "A", "U", "D", "G", "I", "E", "L", "R", "R"], ["N", "E", "E", "R", "G", "V", "W", "N", "R", "G", "D", "Y", "F", "F"], ["J", "U", "T", "H", "E", "S", "E", "B", "D", "R", "U", "S", "X", "I"]]	[{"word": "COLORFUL", "positions": [[2, 5], [3, 5], [4, 5], [5, 5], [6, 5], [7, 5], [8, 5], [9, 5]]}, {"word": "FLOWERS", "positions": [[12, 12], [11, 11], [10, 10], [9, 9], [8, 8], [7, 7], [6, 6]]}, {"word": "ORANGES", "positions": [[6, 1], [5, 1], [4, 1], [3, 1], [2, 1], [1, 1], [0, 1]]}, {"word": "APPLES", "positions": [[4, 13], [5, 13], [6, 13], [7, 13], [8, 13], [9, 13]]}, {"word": "FRUITS", "positions": [[12, 13], [11, 12], [10, 11], [9, 10], [8, 9], [7, 8]]}, {"word": "GRAPES", "positions": [[2, 4], [3, 4], [4, 4], [5, 4], [6, 4], [7, 4]]}, {"word": "GROUND", "positions": [[8, 3], [9, 4], [10, 5], [11, 6], [12, 7], [13, 8]]}, {"word": "LEAVES", "positions": [[6, 3], [5, 3], [4, 3], [3, 3], [2, 3], [1, 3]]}, {"word": "LOOKED", "positions": [[2, 7], [2, 8], [2, 9], [2, 10], [2, 11], [2, 12]]}, {"word": "ORANGE", "positions": [[6, 2], [7, 2], [8, 2], [9, 2], [10, 2], [11, 2]]}, {"word": "YELLOW", "positions": [[4, 7], [5, 8], [6, 9], [7, 10], [8, 11], [9, 12]]}, {"word": "BEGAN", "positions": [[0, 2], [0, 3], [0, 4], [0, 5], [0, 6]]}, {"word": "GRASS", "positions": [[3, 8], [3, 9], [3, 10], [3, 11], [3, 12]]}, {"word": "GREEN", "positions": [[12, 4], [12, 3], [12, 2], [12, 1], [12, 0]]}, {"word": "PLANT", "positions": [[10, 12], [9, 11], [8, 10], [7, 9], [6, 8]]}, {"word": "SEEDS", "positions": [[2, 6], [3, 6], [4, 6], [5, 6], [6, 6]]}, {"word": "THEIR", "positions": [[6, 0], [5, 0], [4, 0], [3, 0], [2, 0]]}, {"word": "THESE", "positions": [[13, 2], [13, 3], [13, 4], [13, 5], [13, 6]]}, {"word": "KIND", "positions": [[1, 9], [1, 8], [1, 7], [1, 6]]}, {"word": "TREE", "positions": [[6, 0], [7, 0], [8, 0], [9, 0]]}]	2026-05-05 14:54:58.22524+00	6	Word search
11	5 - The Dry Land and the Sea	14	14	[["N", "V", "H", "M", "Z", "C", "H", "H", "H", "J", "U", "S", "E", "A"], ["L", "C", "C", "K", "M", "I", "C", "U", "G", "Y", "J", "E", "Z", "G"], ["A", "E", "T", "J", "S", "R", "A", "G", "Q", "L", "A", "N", "D", "V"], ["N", "E", "C", "A", "L", "P", "E", "N", "F", "F", "J", "F", "S", "X"], ["E", "M", "O", "C", "M", "D", "B", "D", "H", "W", "W", "D", "H", "Y"], ["C", "T", "E", "L", "Z", "E", "T", "N", "N", "T", "L", "A", "Y", "X"], ["G", "F", "G", "P", "F", "N", "Y", "O", "K", "U", "N", "Z", "P", "Y"], ["Y", "F", "K", "K", "E", "E", "Z", "W", "O", "D", "M", "I", "V", "A"], ["E", "C", "L", "X", "L", "P", "T", "B", "S", "G", "B", "O", "C", "R"], ["S", "L", "H", "L", "B", "P", "V", "V", "A", "P", "R", "X", "R", "R"], ["D", "T", "B", "T", "A", "A", "Y", "T", "L", "A", "S", "E", "A", "U"], ["L", "I", "K", "S", "T", "H", "H", "D", "Z", "R", "K", "T", "V", "H"], ["G", "S", "T", "A", "E", "E", "M", "R", "B", "R", "O", "W", "N", "O"], ["U", "V", "N", "O", "R", "E", "X", "Y", "R", "F", "A", "H", "M", "V"]]	[{"word": "HAPPENED", "positions": [[11, 5], [10, 5], [9, 5], [8, 5], [7, 5], [6, 5], [5, 5], [4, 5]]}, {"word": "GATHER", "positions": [[8, 9], [9, 8], [10, 7], [11, 6], [12, 5], [13, 4]]}, {"word": "HURRAY", "positions": [[11, 13], [10, 13], [9, 13], [8, 13], [7, 13], [6, 13]]}, {"word": "BEACH", "positions": [[4, 6], [3, 6], [2, 6], [1, 6], [0, 6]]}, {"word": "BROWN", "positions": [[12, 8], [12, 9], [12, 10], [12, 11], [12, 12]]}, {"word": "HANDS", "positions": [[4, 12], [5, 11], [6, 10], [7, 9], [8, 8]]}, {"word": "PLACE", "positions": [[3, 5], [3, 4], [3, 3], [3, 2], [3, 1]]}, {"word": "SALTY", "positions": [[10, 10], [10, 9], [10, 8], [10, 7], [10, 6]]}, {"word": "TABLE", "positions": [[11, 4], [10, 4], [9, 4], [8, 4], [7, 4]]}, {"word": "UNDER", "positions": [[6, 9], [5, 8], [4, 7], [3, 6], [2, 5]]}, {"word": "COME", "positions": [[4, 3], [4, 2], [4, 1], [4, 0]]}, {"word": "LAND", "positions": [[2, 9], [2, 10], [2, 11], [2, 12]]}, {"word": "OVER", "positions": [[12, 13], [11, 12], [10, 11], [9, 10]]}, {"word": "ALL", "positions": [[10, 4], [9, 3], [8, 2]]}, {"word": "BIG", "positions": [[10, 2], [11, 1], [12, 0]]}, {"word": "DRY", "positions": [[11, 7], [12, 7], [13, 7]]}, {"word": "SEA", "positions": [[0, 11], [0, 12], [0, 13]]}, {"word": "SEE", "positions": [[11, 3], [12, 4], [13, 5]]}, {"word": "TOO", "positions": [[5, 6], [6, 7], [7, 8]]}, {"word": "YES", "positions": [[7, 0], [8, 0], [9, 0]]}]	2026-05-05 14:01:28.546905+00	5	Word search
13	Lesson 7	14	14	[["C", "M", "Y", "G", "T", "S", "T", "A", "R", "S", "Y", "S", "G", "G"], ["S", "O", "O", "M", "B", "M", "X", "F", "U", "O", "V", "C", "L", "T"], ["N", "M", "K", "V", "Z", "Y", "L", "N", "O", "P", "L", "J", "Z", "U"], ["U", "L", "V", "Q", "W", "R", "U", "D", "G", "B", "U", "W", "N", "P"], ["S", "B", "R", "I", "G", "H", "T", "E", "R", "Y", "U", "U", "W", "C"], ["L", "Y", "N", "S", "E", "N", "H", "A", "P", "X", "N", "F", "X", "D"], ["I", "J", "S", "T", "H", "G", "I", "L", "E", "V", "A", "H", "U", "E"], ["K", "C", "E", "N", "U", "A", "S", "E", "M", "F", "U", "M", "K", "W"], ["E", "P", "J", "L", "O", "K", "B", "D", "S", "H", "I", "N", "E", "E"], ["Q", "U", "U", "C", "U", "O", "K", "B", "X", "D", "B", "Y", "D", "T"], ["Y", "S", "S", "E", "L", "R", "M", "J", "C", "W", "S", "E", "D", "U"], ["A", "C", "R", "Y", "A", "L", "S", "O", "J", "D", "L", "O", "Q", "R"], ["T", "L", "I", "T", "E", "V", "M", "W", "C", "U", "P", "N", "Y", "F"], ["J", "Y", "H", "B", "Q", "C", "D", "Z", "R", "S", "N", "U", "B", "X"]]	[{"word": "BRIGHTER", "positions": [[4, 1], [4, 2], [4, 3], [4, 4], [4, 5], [4, 6], [4, 7], [4, 8]]}, {"word": "LIGHTS", "positions": [[6, 7], [6, 6], [6, 5], [6, 4], [6, 3], [6, 2]]}, {"word": "RULED", "positions": [[13, 8], [12, 9], [11, 10], [10, 11], [9, 12]]}, {"word": "SHINE", "positions": [[8, 8], [8, 9], [8, 10], [8, 11], [8, 12]]}, {"word": "STARS", "positions": [[0, 5], [0, 6], [0, 7], [0, 8], [0, 9]]}, {"word": "ALSO", "positions": [[11, 4], [11, 5], [11, 6], [11, 7]]}, {"word": "HAVE", "positions": [[6, 11], [6, 10], [6, 9], [6, 8]]}, {"word": "LESS", "positions": [[10, 4], [10, 3], [10, 2], [10, 1]]}, {"word": "LIKE", "positions": [[5, 0], [6, 0], [7, 0], [8, 0]]}, {"word": "MOON", "positions": [[10, 6], [9, 5], [8, 4], [7, 3]]}, {"word": "ONLY", "positions": [[2, 8], [2, 7], [2, 6], [2, 5]]}, {"word": "RULE", "positions": [[10, 5], [9, 4], [8, 3], [7, 2]]}, {"word": "PUT", "positions": [[3, 13], [2, 13], [1, 13]]}, {"word": "SUN", "positions": [[4, 0], [3, 0], [2, 0]]}]	2026-05-05 14:56:11.809617+00	7	Word search
\.


--
-- Data for Name: django_admin_log; Type: TABLE DATA; Schema: public; Owner: byword
--

COPY public.django_admin_log (id, action_time, object_id, object_repr, action_flag, change_message, content_type_id, user_id) FROM stdin;
1	2026-04-27 12:16:12.955428+00	1	WordSearch object (1)	1	[{"added": {}}, {"added": {"name": "word", "object": "Word object (1)"}}, {"added": {"name": "word", "object": "Word object (2)"}}, {"added": {"name": "word", "object": "Word object (3)"}}, {"added": {"name": "word", "object": "Word object (4)"}}, {"added": {"name": "word", "object": "Word object (5)"}}, {"added": {"name": "word", "object": "Word object (6)"}}]	7	1
2	2026-04-27 12:51:31.871383+00	2	WordSearch object (2)	1	[{"added": {}}, {"added": {"name": "word", "object": "Word object (7)"}}, {"added": {"name": "word", "object": "Word object (8)"}}, {"added": {"name": "word", "object": "Word object (9)"}}, {"added": {"name": "word", "object": "Word object (10)"}}, {"added": {"name": "word", "object": "Word object (11)"}}]	7	1
3	2026-04-27 14:43:36.955781+00	2	WordSearch object (2)	2	[]	7	1
4	2026-04-27 22:32:20.808746+00	3	WordSearch object (3)	1	[{"added": {}}, {"added": {"name": "word", "object": "Word object (12)"}}, {"added": {"name": "word", "object": "Word object (13)"}}, {"added": {"name": "word", "object": "Word object (14)"}}, {"added": {"name": "word", "object": "Word object (15)"}}, {"added": {"name": "word", "object": "Word object (16)"}}, {"added": {"name": "word", "object": "Word object (17)"}}]	7	1
5	2026-04-28 22:19:34.221036+00	4	WordSearch object (4)	1	[{"added": {}}, {"added": {"name": "word", "object": "Word object (18)"}}, {"added": {"name": "word", "object": "Word object (19)"}}, {"added": {"name": "word", "object": "Word object (20)"}}, {"added": {"name": "word", "object": "Word object (21)"}}, {"added": {"name": "word", "object": "Word object (22)"}}, {"added": {"name": "word", "object": "Word object (23)"}}, {"added": {"name": "word", "object": "Word object (24)"}}]	7	1
6	2026-04-28 22:20:47.068467+00	4	WordSearch object (4)	2	[{"changed": {"fields": ["Rows", "Cols"]}}]	7	1
7	2026-04-28 22:20:59.416992+00	4	WordSearch object (4)	2	[{"changed": {"fields": ["Cols"]}}]	7	1
8	2026-04-28 22:35:34.262399+00	4	WordSearch object (4)	2	[{"changed": {"fields": ["Name"]}}]	7	1
9	2026-04-30 02:37:03.727779+00	1	isto será para testar embaralhar "texto composto" também simples	1	[{"added": {}}]	9	1
10	2026-04-30 02:51:26.029422+00	1	Teste - isto será para testar embaralhar "texto composto" também simples	2	[{"changed": {"fields": ["Titulo"]}}]	9	1
11	2026-04-30 14:37:04.065086+00	2	the light - SEPARETA CALL DARKNESS LIGHT HERE THERE CALLING HEAR SAY SAID SEE SAW GOOD BAD MAKE MADE NIGHT DAY ABOVE BELOW SPACE	1	[{"added": {}}]	9	1
12	2026-04-30 18:19:04.39422+00	1	WordSearch object (1)	2	[{"changed": {"fields": ["Name", "Rows", "Cols"]}}, {"added": {"name": "word", "object": "Word object (25)"}}, {"added": {"name": "word", "object": "Word object (26)"}}, {"added": {"name": "word", "object": "Word object (27)"}}, {"added": {"name": "word", "object": "Word object (28)"}}, {"added": {"name": "word", "object": "Word object (29)"}}, {"added": {"name": "word", "object": "Word object (30)"}}, {"added": {"name": "word", "object": "Word object (31)"}}, {"added": {"name": "word", "object": "Word object (32)"}}, {"changed": {"name": "word", "object": "Word object (1)", "fields": ["Text"]}}, {"changed": {"name": "word", "object": "Word object (2)", "fields": ["Text"]}}, {"changed": {"name": "word", "object": "Word object (3)", "fields": ["Text"]}}, {"changed": {"name": "word", "object": "Word object (4)", "fields": ["Text"]}}, {"changed": {"name": "word", "object": "Word object (5)", "fields": ["Text"]}}, {"changed": {"name": "word", "object": "Word object (6)", "fields": ["Text"]}}]	7	1
13	2026-05-01 17:44:34.6864+00	2	edivano	1	[{"added": {}}]	4	1
14	2026-05-01 17:45:14.174792+00	2	edivano	2	[{"changed": {"fields": ["First name", "Last name", "Email address", "Superuser status"]}}]	4	1
15	2026-05-01 17:45:29.105218+00	3	raquel	1	[{"added": {}}]	4	1
16	2026-05-01 17:46:14.926759+00	3	raquel	2	[{"changed": {"fields": ["First name", "Last name", "Email address", "User permissions"]}}]	4	1
17	2026-05-01 17:47:25.274017+00	2	edivano	3		4	1
18	2026-05-01 17:48:20.825733+00	1	ByWord	1	[{"added": {}}]	3	1
19	2026-05-01 17:49:29.482048+00	3	raquel	2	[{"changed": {"fields": ["Staff status"]}}]	4	1
20	2026-05-01 17:50:00.692692+00	4	edivano	1	[{"added": {}}]	4	1
21	2026-05-01 17:50:41.656753+00	4	edivano	2	[{"changed": {"fields": ["First name", "Last name", "Email address", "Staff status", "Superuser status"]}}]	4	1
22	2026-05-01 17:52:08.257143+00	2	ADM	1	[{"added": {}}]	3	1
23	2026-05-01 17:55:07.519301+00	1	Pr. Luciano PIB Natividade	1	[{"added": {}}, {"added": {"name": "class price", "object": "Pr. Luciano PIB Natividade - 150.00"}}]	13	1
24	2026-05-01 17:55:40.368631+00	5	Luciano	1	[{"added": {}}]	4	1
25	2026-05-01 17:57:16.142315+00	1	 (101)	1	[{"added": {}}, {"added": {"name": "student status history", "object": " (101) - active"}}]	10	1
26	2026-05-01 17:57:56.445399+00	1	 (101) → Pr. Luciano PIB Natividade	1	[{"added": {}}]	12	1
27	2026-05-01 18:00:56.13085+00	5	Luciano	2	[{"changed": {"fields": ["First name"]}}]	4	1
28	2026-05-01 18:01:23.900513+00	1	Pr. Luciano - (101) → Pr. Luciano PIB Natividade	2	[]	12	1
29	2026-05-01 18:03:38.448502+00	1	101 - Pr. Luciano - 150.00	1	[{"added": {}}]	16	1
30	2026-05-01 18:04:25.431332+00	1	101 - Pr. Luciano - 2026-05-01 - paid	1	[{"added": {}}]	15	1
31	2026-05-01 18:04:41.501418+00	1	101 - Pr. Luciano - 2026-05-01 - paid	2	[{"changed": {"fields": ["End date"]}}]	15	1
32	2026-05-02 13:20:39.445461+00	1	Pr. Luciano PIB Natividade	2	[{"added": {"name": "class schedule", "object": "Pr. Luciano PIB Natividade - Tuesday 16:00:00"}}]	13	1
33	2026-05-02 13:25:45.97845+00	1	BLOCKED - Saturday 11:59:59	1	[{"added": {}}]	17	1
34	2026-05-02 17:13:59.704804+00	1	BLOCKED - Saturday 12:00:00	2	[{"changed": {"fields": ["Start time"]}}]	17	1
35	2026-05-02 17:14:29.956522+00	1	BLOCKED - Saturday 12:00:00	2	[{"changed": {"fields": ["Duration minutes"]}}]	17	1
36	2026-05-02 18:25:50.476477+00	1	BLOCKED - Saturday 12:00:00	2	[{"changed": {"fields": ["Duration minutes"]}}]	17	1
37	2026-05-02 19:58:42.392851+00	1	BLOCKED - Saturday 12:00:00	2	[{"changed": {"fields": ["Duration minutes"]}}]	17	1
38	2026-05-02 21:33:35.118903+00	2	Isa	1	[{"added": {}}]	13	1
39	2026-05-02 21:34:07.800389+00	2	Isa	2	[{"added": {"name": "class price", "object": "Isa - 150"}}]	13	1
40	2026-05-02 22:00:16.939503+00	2	Isa - Tuesday 15:00:00	1	[{"added": {}}]	18	1
41	2026-05-02 22:00:42.629467+00	1	Pr. Luciano PIB Natividade	2	[{"changed": {"name": "class schedule", "object": "Pr. Luciano PIB Natividade - Monday 16:00:00", "fields": ["Day of week"]}}]	13	1
42	2026-05-02 22:01:24.349029+00	2	BLOCKED - Monday 08:00:00	2	[{"changed": {"fields": ["Start time", "Duration minutes"]}}]	17	1
43	2026-05-02 22:01:57.150608+00	3	BLOCKED - Tuesday 08:00:00	2	[{"changed": {"fields": ["Start time", "Duration minutes", "Reason"]}}]	17	1
44	2026-05-02 22:02:09.954946+00	4	BLOCKED - Wednesday 08:00:00	2	[{"changed": {"fields": ["Start time", "Duration minutes"]}}]	17	1
45	2026-05-02 22:02:26.142153+00	5	BLOCKED - Thursday 08:00:00	2	[{"changed": {"fields": ["Start time", "Duration minutes", "Reason"]}}]	17	1
46	2026-05-02 22:02:48.991694+00	6	BLOCKED - Friday 08:00:00	2	[{"changed": {"fields": ["Start time", "Duration minutes", "Reason"]}}]	17	1
47	2026-05-02 22:03:15.596141+00	2	Isa	2	[{"changed": {"name": "class schedule", "object": "Isa - Tuesday 15:00:00", "fields": ["Duration minutes"]}}]	13	1
48	2026-05-02 22:09:48.780713+00	3	raquel	2	[{"changed": {"fields": ["Groups", "User permissions"]}}]	4	1
49	2026-05-03 00:04:30.06928+00	2	Isa - Tuesday 15:00:00	2	[{"changed": {"fields": ["Duration minutes"]}}]	18	1
50	2026-05-03 00:15:42.751293+00	3	Academic	1	[{"added": {}}]	3	1
51	2026-05-03 00:16:01.690757+00	3	raquel	2	[{"changed": {"fields": ["Groups"]}}]	4	1
52	2026-05-03 00:16:43.405487+00	2	BLOCKED - Monday 08:00:00	2	[{"changed": {"fields": ["Reason"]}}]	17	3
53	2026-05-03 00:17:08.528705+00	4	BLOCKED - Wednesday 08:00:00	2	[{"changed": {"fields": ["Reason"]}}]	17	3
54	2026-05-03 00:20:32.661912+00	1	BLOCKED - Saturday 12:00:00	2	[{"changed": {"fields": ["Duration minutes"]}}]	17	3
55	2026-05-03 00:36:31.471306+00	3	raquel	2	[{"changed": {"fields": ["User permissions"]}}]	4	1
56	2026-05-03 18:45:01.763796+00	10	God is so Good - Ron Kenoly	1	[{"added": {}}]	22	1
57	2026-05-03 18:52:01.14146+00	7	God	2	[{"changed": {"fields": ["Verb en", "Translation"]}}]	21	1
58	2026-05-03 18:52:37.78072+00	2	s	2	[{"changed": {"fields": ["Translation"]}}]	21	1
59	2026-05-03 18:52:45.716796+00	1	is	2	[{"changed": {"fields": ["Translation"]}}]	21	1
60	2026-05-03 18:52:56.654429+00	8	good	2	[{"changed": {"fields": ["Translation"]}}]	21	1
61	2026-05-03 18:53:03.422565+00	4	he	2	[{"changed": {"fields": ["Translation"]}}]	21	1
62	2026-05-03 18:53:19.936048+00	3	me	2	[{"changed": {"fields": ["Translation"]}}]	21	1
63	2026-05-03 18:53:27.298002+00	5	so	2	[{"changed": {"fields": ["Translation"]}}]	21	1
64	2026-05-03 18:53:40.173958+00	6	to	2	[{"changed": {"fields": ["Translation"]}}]	21	1
65	2026-05-03 19:17:23.340874+00	10	God is so Good - Ron Kenoly	2	[{"changed": {"fields": ["Youtube url"]}}]	22	1
66	2026-05-03 19:18:23.457144+00	10	God is so Good - Ron Kenoly	2	[{"changed": {"fields": ["Lyrics"]}}]	22	1
67	2026-05-03 19:57:38.318861+00	1	The Beginning	1	[{"added": {}}]	20	1
68	2026-05-03 20:20:44.762774+00	1	The Beginning	2	[{"changed": {"fields": ["Text"]}}]	20	1
69	2026-05-03 21:18:20.980137+00	15	brown	3		21	1
70	2026-05-03 21:25:33.025636+00	2	The Beginning (Cont.)	1	[{"added": {}}]	20	1
71	2026-05-03 22:00:30.82954+00	10	God is so Good - Ron Kenoly	2	[{"changed": {"fields": ["Lyrics"]}}]	22	1
72	2026-05-04 01:18:39.715702+00	10	God is so Good - Ron Kenoly	3		22	1
73	2026-05-04 01:18:55.452509+00	1	The Beginning	2	[]	20	1
74	2026-05-04 01:19:16.569246+00	2	The Beginning (Cont.)	2	[]	20	1
75	2026-05-04 01:23:40.831555+00	27	a	2	[]	21	1
76	2026-05-04 01:30:20.193247+00	1	The Beginning	2	[{"changed": {"fields": ["Text"]}}]	20	1
77	2026-05-04 01:30:28.880274+00	2	The Beginning (Cont.)	2	[{"changed": {"fields": ["Text"]}}]	20	1
78	2026-05-04 01:40:30.973615+00	7	God	3		21	1
79	2026-05-04 01:40:45.170252+00	4	he	3		21	1
80	2026-05-04 01:41:55.732769+00	57	i	3		21	1
81	2026-05-04 01:41:55.732793+00	20	m	3		21	1
82	2026-05-04 01:41:55.7328+00	3	me	3		21	1
83	2026-05-04 01:41:55.732807+00	2	s	3		21	1
84	2026-05-04 01:41:55.732813+00	5	so	3		21	1
85	2026-05-04 01:41:55.732819+00	72	that	3		21	1
86	2026-05-04 01:41:55.732825+00	6	to	3		21	1
87	2026-05-04 02:10:21.599598+00	1	The Beginning	2	[{"changed": {"fields": ["Text"]}}]	20	1
88	2026-05-04 02:11:28.631275+00	1	The Beginning	2	[{"changed": {"fields": ["Text"]}}]	20	1
89	2026-05-04 02:11:59.349525+00	27	a	2	[{"changed": {"fields": ["Translation"]}}]	21	1
90	2026-05-04 02:29:00.377462+00	2	The Beginning (Cont.)	2	[{"changed": {"fields": ["Text"]}}]	20	1
91	2026-05-04 03:05:07.143182+00	23	full	2	[{"changed": {"fields": ["Translation"]}}]	21	1
92	2026-05-04 03:06:05.36996+00	1	The Beginning	2	[{"changed": {"fields": ["Text"]}}]	20	1
93	2026-05-04 03:08:35.684008+00	1	The Beginning	2	[{"changed": {"fields": ["Text"]}}]	20	1
94	2026-05-04 03:13:55.295656+00	3	The light	1	[{"added": {}}]	20	1
95	2026-05-04 03:19:25.685085+00	4	The Sky	1	[{"added": {}}]	20	1
96	2026-05-04 11:52:33.668539+00	38	beginning	2	[{"changed": {"fields": ["Translation"]}}]	21	1
97	2026-05-04 11:59:37.15417+00	85	i'm	2	[{"changed": {"fields": ["Translation"]}}]	21	1
98	2026-05-04 12:00:32.696575+00	37	mike	2	[{"changed": {"fields": ["Translation"]}}]	21	1
99	2026-05-04 12:01:07.258543+00	9	God	2	[{"changed": {"fields": ["Verb en"]}}]	21	1
100	2026-05-04 12:09:00.472399+00	2	WordSearch object (2)	2	[]	7	1
101	2026-05-04 12:17:18.827728+00	2	WordSearch object (2)	2	[{"changed": {"fields": ["Name", "Rows", "Cols"]}}, {"added": {"name": "word", "object": "Word object (33)"}}, {"added": {"name": "word", "object": "Word object (34)"}}, {"added": {"name": "word", "object": "Word object (35)"}}, {"added": {"name": "word", "object": "Word object (36)"}}, {"added": {"name": "word", "object": "Word object (37)"}}, {"added": {"name": "word", "object": "Word object (38)"}}, {"added": {"name": "word", "object": "Word object (39)"}}, {"added": {"name": "word", "object": "Word object (40)"}}, {"added": {"name": "word", "object": "Word object (41)"}}, {"added": {"name": "word", "object": "Word object (42)"}}, {"added": {"name": "word", "object": "Word object (43)"}}, {"added": {"name": "word", "object": "Word object (44)"}}, {"added": {"name": "word", "object": "Word object (45)"}}, {"added": {"name": "word", "object": "Word object (46)"}}, {"added": {"name": "word", "object": "Word object (47)"}}, {"changed": {"name": "word", "object": "Word object (7)", "fields": ["Text"]}}, {"changed": {"name": "word", "object": "Word object (8)", "fields": ["Text"]}}, {"changed": {"name": "word", "object": "Word object (9)", "fields": ["Text"]}}, {"changed": {"name": "word", "object": "Word object (10)", "fields": ["Text"]}}, {"changed": {"name": "word", "object": "Word object (11)", "fields": ["Text"]}}]	7	1
102	2026-05-04 12:23:53.395223+00	3	WordSearch object (3)	2	[{"added": {"name": "word", "object": "Word object (48)"}}, {"added": {"name": "word", "object": "Word object (49)"}}, {"added": {"name": "word", "object": "Word object (50)"}}, {"added": {"name": "word", "object": "Word object (51)"}}, {"added": {"name": "word", "object": "Word object (52)"}}, {"added": {"name": "word", "object": "Word object (53)"}}, {"added": {"name": "word", "object": "Word object (54)"}}, {"added": {"name": "word", "object": "Word object (55)"}}, {"added": {"name": "word", "object": "Word object (56)"}}, {"added": {"name": "word", "object": "Word object (57)"}}, {"added": {"name": "word", "object": "Word object (58)"}}, {"added": {"name": "word", "object": "Word object (59)"}}, {"added": {"name": "word", "object": "Word object (60)"}}, {"added": {"name": "word", "object": "Word object (61)"}}]	7	1
183	2026-05-05 02:48:18.144529+00	58	genesis	3		21	1
184	2026-05-05 02:48:18.144534+00	133	glass	3		21	1
185	2026-05-05 02:48:18.144539+00	9	God	3		21	1
186	2026-05-05 02:48:18.144543+00	8	good	3		21	1
187	2026-05-05 02:48:18.144548+00	68	gray	3		21	1
103	2026-05-04 12:27:51.729172+00	4	WordSearch object (4)	2	[{"changed": {"fields": ["Rows", "Cols"]}}, {"added": {"name": "word", "object": "Word object (62)"}}, {"added": {"name": "word", "object": "Word object (63)"}}, {"added": {"name": "word", "object": "Word object (64)"}}, {"added": {"name": "word", "object": "Word object (65)"}}, {"added": {"name": "word", "object": "Word object (66)"}}, {"added": {"name": "word", "object": "Word object (67)"}}, {"added": {"name": "word", "object": "Word object (68)"}}, {"changed": {"name": "word", "object": "Word object (18)", "fields": ["Text"]}}, {"changed": {"name": "word", "object": "Word object (19)", "fields": ["Text"]}}, {"changed": {"name": "word", "object": "Word object (20)", "fields": ["Text"]}}, {"changed": {"name": "word", "object": "Word object (21)", "fields": ["Text"]}}, {"changed": {"name": "word", "object": "Word object (22)", "fields": ["Text"]}}, {"changed": {"name": "word", "object": "Word object (23)", "fields": ["Text"]}}, {"changed": {"name": "word", "object": "Word object (24)", "fields": ["Text"]}}]	7	1
104	2026-05-04 12:30:45.840335+00	4	WordSearch object (4)	2	[{"changed": {"fields": ["Name"]}}, {"added": {"name": "word", "object": "Word object (69)"}}, {"added": {"name": "word", "object": "Word object (70)"}}, {"added": {"name": "word", "object": "Word object (71)"}}]	7	1
105	2026-05-04 12:31:03.386162+00	4	WordSearch object (4)	2	[{"changed": {"fields": ["Name"]}}]	7	1
106	2026-05-04 12:31:55.079465+00	4	WordSearch object (4)	2	[{"changed": {"fields": ["Name"]}}]	7	1
107	2026-05-04 12:32:07.948112+00	3	WordSearch object (3)	2	[{"changed": {"fields": ["Name"]}}]	7	1
108	2026-05-04 12:32:40.501759+00	2	WordSearch object (2)	2	[{"changed": {"fields": ["Name"]}}]	7	1
109	2026-05-04 12:36:11.057354+00	2	WordSearch object (2)	2	[{"changed": {"fields": ["Name"]}}]	7	1
110	2026-05-04 12:36:59.644858+00	2	WordSearch object (2)	2	[{"changed": {"fields": ["Name"]}}]	7	1
111	2026-05-04 12:37:25.123983+00	3	WordSearch object (3)	2	[{"changed": {"fields": ["Name"]}}]	7	1
112	2026-05-04 12:37:41.113462+00	1	WordSearch object (1)	2	[{"changed": {"fields": ["Name"]}}]	7	1
113	2026-05-04 12:38:01.481805+00	4	WordSearch object (4)	2	[{"changed": {"fields": ["Name"]}}]	7	1
114	2026-05-04 12:39:05.529242+00	1	The Beginning	2	[{"changed": {"fields": ["Text"]}}]	20	1
115	2026-05-04 12:47:08.430645+00	104	ball	2	[{"changed": {"fields": ["Verb en", "Translation"]}}]	21	1
116	2026-05-04 13:11:55.900002+00	1	The Beginning	2	[{"changed": {"fields": ["Text"]}}]	20	1
117	2026-05-04 23:47:53.487983+00	6	WordSearch object (6)	2	[]	7	1
118	2026-05-05 02:31:47.638173+00	1	Lesson 1 - The Beginnin	1	[{"added": {}}]	24	1
119	2026-05-05 02:32:15.116843+00	2	Lesson 2 - The Beginning (Cont)	1	[{"added": {}}]	24	1
120	2026-05-05 02:32:38.873723+00	3	Lesson 3 - The light	1	[{"added": {}}]	24	1
121	2026-05-05 02:32:50.893367+00	4	Lesson 4 - The Sky	1	[{"added": {}}]	24	1
122	2026-05-05 02:35:12.638548+00	4	The Sky	2	[{"changed": {"fields": ["Lesson"]}}]	20	1
123	2026-05-05 02:35:23.155068+00	3	The light	2	[{"changed": {"fields": ["Lesson"]}}]	20	1
124	2026-05-05 02:35:30.475262+00	2	The Beginning (Cont.)	2	[{"changed": {"fields": ["Lesson"]}}]	20	1
125	2026-05-05 02:35:36.935563+00	1	The Beginning	2	[{"changed": {"fields": ["Lesson"]}}]	20	1
126	2026-05-05 02:37:00.865482+00	2	the light - SEPARETA CALL DARKNESS LIGHT HERE THERE CALLING HEAR SAY SAID SEE SAW GOOD BAD MAKE MADE NIGHT DAY ABOVE BELOW SPACE	2	[{"changed": {"fields": ["Lesson"]}}]	9	1
127	2026-05-05 02:37:33.823714+00	1	Teste - isto será para testar embaralhar "texto composto" também simples	3		9	1
128	2026-05-05 02:37:56.948099+00	1	WordSearch object (1)	2	[{"changed": {"fields": ["Lesson"]}}]	7	1
129	2026-05-05 02:38:11.418134+00	2	WordSearch object (2)	2	[{"changed": {"fields": ["Lesson"]}}]	7	1
130	2026-05-05 02:38:21.80185+00	3	WordSearch object (3)	2	[{"changed": {"fields": ["Lesson"]}}]	7	1
131	2026-05-05 02:38:30.59927+00	4	WordSearch object (4)	2	[{"changed": {"fields": ["Lesson"]}}]	7	1
132	2026-05-05 02:38:47.713866+00	5	WordSearch object (5)	3		7	1
133	2026-05-05 02:39:28.69044+00	10	WordSearch object (10)	3		7	1
134	2026-05-05 02:39:28.69046+00	9	WordSearch object (9)	3		7	1
135	2026-05-05 02:39:28.690467+00	8	WordSearch object (8)	3		7	1
136	2026-05-05 02:39:28.690473+00	7	WordSearch object (7)	3		7	1
137	2026-05-05 02:39:28.690479+00	6	WordSearch object (6)	3		7	1
138	2026-05-05 02:48:18.144273+00	27	a	3		21	1
139	2026-05-05 02:48:18.144293+00	83	above	3		21	1
140	2026-05-05 02:48:18.144301+00	33	and	3		21	1
141	2026-05-05 02:48:18.144307+00	135	appear	3		21	1
142	2026-05-05 02:48:18.144313+00	124	appeared	3		21	1
143	2026-05-05 02:48:18.144318+00	36	are	3		21	1
144	2026-05-05 02:48:18.144324+00	104	ball	3		21	1
145	2026-05-05 02:48:18.144333+00	61	beautiful	3		21	1
146	2026-05-05 02:48:18.144339+00	38	beginning	3		21	1
147	2026-05-05 02:48:18.144345+00	66	below	3		21	1
148	2026-05-05 02:48:18.144351+00	138	between	3		21	1
149	2026-05-05 02:48:18.144356+00	84	black	3		21	1
150	2026-05-05 02:48:18.144362+00	30	blue	3		21	1
151	2026-05-05 02:48:18.144367+00	101	bright	3		21	1
152	2026-05-05 02:48:18.144372+00	43	but	3		21	1
153	2026-05-05 02:48:18.144377+00	112	called	3		21	1
154	2026-05-05 02:48:18.144382+00	110	calling	3		21	1
155	2026-05-05 02:48:18.144387+00	127	can	3		21	1
156	2026-05-05 02:48:18.144392+00	35	cloud	3		21	1
157	2026-05-05 02:48:18.144398+00	16	clouds	3		21	1
158	2026-05-05 02:48:18.144403+00	62	cloudy	3		21	1
159	2026-05-05 02:48:18.144408+00	129	count	3		21	1
160	2026-05-05 02:48:18.144413+00	77	covered	3		21	1
161	2026-05-05 02:48:18.144418+00	42	create	3		21	1
162	2026-05-05 02:48:18.144423+00	19	created	3		21	1
163	2026-05-05 02:48:18.144428+00	40	daisy	3		21	1
164	2026-05-05 02:48:18.144434+00	75	dark	3		21	1
165	2026-05-05 02:48:18.144438+00	94	darkness	3		21	1
166	2026-05-05 02:48:18.144443+00	117	day	3		21	1
167	2026-05-05 02:48:18.144448+00	64	deep	3		21	1
168	2026-05-05 02:48:18.144453+00	105	did	3		21	1
169	2026-05-05 02:48:18.144458+00	114	didn	3		21	1
170	2026-05-05 02:48:18.144463+00	126	disappear	3		21	1
171	2026-05-05 02:48:18.144468+00	131	disappeared	3		21	1
172	2026-05-05 02:48:18.144473+00	139	during	3		21	1
173	2026-05-05 02:48:18.144478+00	116	each	3		21	1
174	2026-05-05 02:48:18.144483+00	31	earth	3		21	1
175	2026-05-05 02:48:18.144489+00	56	empty	3		21	1
176	2026-05-05 02:48:18.144494+00	26	end	3		21	1
177	2026-05-05 02:48:18.144499+00	78	everywhere	3		21	1
178	2026-05-05 02:48:18.144504+00	107	far	3		21	1
179	2026-05-05 02:48:18.144509+00	28	feather	3		21	1
180	2026-05-05 02:48:18.144514+00	76	for	3		21	1
181	2026-05-05 02:48:18.144519+00	109	from	3		21	1
182	2026-05-05 02:48:18.144523+00	90	full	3		21	1
188	2026-05-05 02:48:18.144553+00	48	hat	3		21	1
189	2026-05-05 02:48:18.144558+00	120	hear	3		21	1
190	2026-05-05 02:48:18.144563+00	34	heavens	3		21	1
191	2026-05-05 02:48:18.144568+00	32	helicopter	3		21	1
192	2026-05-05 02:48:18.144573+00	59	hey	3		21	1
193	2026-05-05 02:48:18.144578+00	39	hi	3		21	1
194	2026-05-05 02:48:18.144583+00	95	hum	3		21	1
195	2026-05-05 02:48:18.144588+00	85	i'm	3		21	1
196	2026-05-05 02:48:18.144593+00	13	in	3		21	1
197	2026-05-05 02:48:18.144598+00	1	is	3		21	1
198	2026-05-05 02:48:18.144602+00	44	it	3		21	1
199	2026-05-05 02:48:18.144607+00	86	it's	3		21	1
200	2026-05-05 02:48:18.144612+00	47	learn	3		21	1
201	2026-05-05 02:48:18.144617+00	63	learning	3		21	1
202	2026-05-05 02:48:18.144622+00	118	light	3		21	1
203	2026-05-05 02:48:18.144627+00	29	lionet	3		21	1
204	2026-05-05 02:48:18.144632+00	60	look	3		21	1
205	2026-05-05 02:48:18.144637+00	134	made	3		21	1
206	2026-05-05 02:48:18.144642+00	122	many	3		21	1
207	2026-05-05 02:48:18.144647+00	37	mike	3		21	1
208	2026-05-05 02:48:18.144652+00	106	mom	3		21	1
209	2026-05-05 02:48:18.144657+00	73	moved	3		21	1
210	2026-05-05 02:48:18.144662+00	121	named	3		21	1
211	2026-05-05 02:48:18.144672+00	132	narrow	3		21	1
212	2026-05-05 02:48:18.144677+00	99	near	3		21	1
213	2026-05-05 02:48:18.144682+00	103	night	3		21	1
214	2026-05-05 02:48:18.144687+00	45	no	3		21	1
215	2026-05-05 02:48:18.144692+00	10	not	3		21	1
216	2026-05-05 02:48:18.144697+00	93	now	3		21	1
217	2026-05-05 02:48:18.144702+00	53	of	3		21	1
218	2026-05-05 02:48:18.144707+00	41	one	3		21	1
219	2026-05-05 02:48:18.144713+00	111	other	3		21	1
220	2026-05-05 02:48:18.144717+00	70	our	3		21	1
221	2026-05-05 02:48:18.144722+00	123	places	3		21	1
222	2026-05-05 02:48:18.144727+00	67	planet	3		21	1
223	2026-05-05 02:48:18.144732+00	24	real	3		21	1
224	2026-05-05 02:48:18.144737+00	113	said	3		21	1
225	2026-05-05 02:48:18.144742+00	98	saw	3		21	1
226	2026-05-05 02:48:18.144747+00	102	say	3		21	1
227	2026-05-05 02:48:18.144752+00	92	separate	3		21	1
228	2026-05-05 02:48:18.144757+00	119	separated	3		21	1
229	2026-05-05 02:48:18.144762+00	81	shallow	3		21	1
230	2026-05-05 02:48:18.144767+00	21	shape	3		21	1
231	2026-05-05 02:48:18.144772+00	18	shapes	3		21	1
232	2026-05-05 02:48:18.144777+00	12	sky	3		21	1
233	2026-05-05 02:48:18.144782+00	14	soil	3		21	1
234	2026-05-05 02:48:18.144787+00	74	some	3		21	1
235	2026-05-05 02:48:18.144792+00	140	space	3		21	1
236	2026-05-05 02:48:18.144797+00	82	spirit	3		21	1
237	2026-05-05 02:48:18.144802+00	49	study	3		21	1
238	2026-05-05 02:48:18.144807+00	69	studying	3		21	1
239	2026-05-05 02:48:18.144811+00	108	that	3		21	1
240	2026-05-05 02:48:18.144816+00	88	that's	3		21	1
241	2026-05-05 02:48:18.144822+00	52	the	3		21	1
242	2026-05-05 02:48:18.144827+00	128	them	3		21	1
243	2026-05-05 02:48:18.144832+00	100	then	3		21	1
244	2026-05-05 02:48:18.144838+00	97	there	3		21	1
245	2026-05-05 02:48:18.144843+00	96	they	3		21	1
246	2026-05-05 02:48:18.144848+00	79	this	3		21	1
247	2026-05-05 02:48:18.144853+00	137	three	3		21	1
248	2026-05-05 02:48:18.144858+00	22	together	3		21	1
249	2026-05-05 02:48:18.144863+00	17	tornado	3		21	1
250	2026-05-05 02:48:18.144868+00	136	two	3		21	1
251	2026-05-05 02:48:18.144873+00	80	very	3		21	1
252	2026-05-05 02:48:18.144878+00	46	was	3		21	1
253	2026-05-05 02:48:18.144883+00	71	water	3		21	1
254	2026-05-05 02:48:18.144888+00	125	waters	3		21	1
255	2026-05-05 02:48:18.144893+00	54	we	3		21	1
256	2026-05-05 02:48:18.144898+00	91	what	3		21	1
257	2026-05-05 02:48:18.144903+00	55	where	3		21	1
258	2026-05-05 02:48:18.144908+00	65	white	3		21	1
259	2026-05-05 02:48:18.144912+00	115	who	3		21	1
260	2026-05-05 02:48:18.144917+00	130	wide	3		21	1
261	2026-05-05 02:48:18.144922+00	25	will	3		21	1
262	2026-05-05 02:48:18.144927+00	50	with	3		21	1
263	2026-05-05 02:48:18.144932+00	11	without	3		21	1
264	2026-05-05 02:48:18.144937+00	51	you	3		21	1
265	2026-05-05 03:14:28.054277+00	1	Lesson 1 - 1	2	[]	20	1
266	2026-05-05 03:14:45.271425+00	1	Lesson 1 - 1	2	[{"changed": {"fields": ["Text"]}}]	20	1
267	2026-05-05 11:56:05.639517+00	1	Lesson 1 - 1	2	[]	20	1
268	2026-05-05 11:56:13.168419+00	2	Lesson 2 - 2	2	[{"changed": {"fields": ["Text"]}}]	20	1
269	2026-05-05 11:56:20.987408+00	3	Lesson 3 - 3	2	[{"changed": {"fields": ["Text"]}}]	20	1
270	2026-05-05 11:56:28.253514+00	4	Lesson 4 - 4	2	[{"changed": {"fields": ["Text"]}}]	20	1
271	2026-05-05 12:18:29.476828+00	1	Lesson 1 - 1	2	[]	20	1
272	2026-05-05 12:18:43.423402+00	1	Lesson 1 - 1	2	[{"changed": {"fields": ["Text"]}}]	20	1
273	2026-05-05 12:18:53.758485+00	1	Lesson 1 - 1	2	[{"changed": {"fields": ["Text"]}}]	20	1
274	2026-05-05 12:30:45.138728+00	1	Lesson 1 - 1	2	[{"changed": {"fields": ["Text"]}}]	20	1
275	2026-05-05 12:43:43.443488+00	1	Lesson 1 - 1	2	[{"changed": {"fields": ["Text"]}}]	20	1
276	2026-05-05 13:09:41.412869+00	1	Lesson 1 - 1	2	[{"changed": {"fields": ["Text"]}}]	20	1
277	2026-05-05 13:29:42.919251+00	5	Lesson 5 - The Dry Land and the Sea	1	[{"added": {}}]	24	1
278	2026-05-05 13:29:58.701911+00	6	Lesson 6 - The Plants	1	[{"added": {}}]	24	1
279	2026-05-05 13:30:21.512495+00	7	Lesson 7 - Sun and Stars	1	[{"added": {}}]	24	1
280	2026-05-05 13:39:11.998407+00	5	Lesson 5 - 5	1	[{"added": {}}]	20	1
281	2026-05-05 13:55:32.011356+00	6	Lesson 6 - 6	1	[{"added": {}}]	20	1
282	2026-05-05 13:58:44.931417+00	7	Lesson 7 - 7	1	[{"added": {}}]	20	1
283	2026-05-05 14:05:06.461402+00	11	WordSearch object (11)	2	[{"changed": {"fields": ["Name"]}}]	7	1
284	2026-05-05 14:12:49.477053+00	11	5 - The Dry Land and the Sea	2	[{"changed": {"fields": ["Name"]}}]	7	1
285	2026-05-05 14:13:14.029226+00	1	1 - The Beginnin	2	[{"changed": {"fields": ["Name"]}}]	7	1
286	2026-05-05 14:13:25.147528+00	2	2 - The Beginning (Cont)	2	[{"changed": {"fields": ["Name"]}}]	7	1
287	2026-05-05 14:13:40.984289+00	3	3 - The light	2	[{"changed": {"fields": ["Name"]}}]	7	1
288	2026-05-05 14:13:52.090681+00	4	4 - The Sky	2	[{"changed": {"fields": ["Name"]}}]	7	1
289	2026-05-05 14:39:52.410171+00	7	5 - The Dry Land and the Sea	2	[{"changed": {"fields": ["Lesson"]}}]	9	1
290	2026-05-05 14:41:20.911289+00	6	5 - The Dry Land and the Sea	3		9	1
291	2026-05-05 14:42:12.754992+00	5	5 - The Dry Land and the Sea	2	[{"changed": {"fields": ["Lesson"]}}]	9	1
292	2026-05-05 14:42:46.084546+00	5	5 - The Dry Land and the Sea	3		9	1
293	2026-05-05 14:48:30.680883+00	8	6 - The Plants	2	[{"changed": {"fields": ["Lesson"]}}]	9	1
294	2026-05-05 14:50:47.80355+00	9	7 - Sun and Stars	2	[{"changed": {"fields": ["Lesson"]}}]	9	1
295	2026-05-05 14:58:36.534991+00	309	yeloow	3		21	1
296	2026-05-05 14:59:09.112252+00	6	Lesson 6 - 6	2	[{"changed": {"fields": ["Text"]}}]	20	1
297	2026-05-05 15:00:01.861707+00	4	4 - The Sky	2	[{"changed": {"fields": ["Name"]}}]	7	1
298	2026-05-05 15:02:20.726237+00	10	4 - The Sky	2	[{"changed": {"fields": ["Lesson"]}}]	9	1
299	2026-05-06 04:42:12.298584+00	2	3 - The light	2	[{"changed": {"fields": ["Titulo"]}}]	9	1
300	2026-05-06 06:37:25.575021+00	1	Lesson 1 - The Beginnin	1	[{"added": {}}]	26	1
301	2026-05-06 07:09:12.13115+00	1	Lesson 1 - The Beginnin	2	[{"added": {"name": "activity item", "object": "Lesson 1 - The Beginnin - (1) Byword | dictionary"}}]	26	1
302	2026-05-06 07:10:24.185211+00	1	Lesson 1 - The Beginnin	2	[{"added": {"name": "activity item", "object": "Lesson 1 - The Beginnin - (2) Byword | scramble word"}}]	26	1
303	2026-05-06 07:10:43.95316+00	1	Lesson 1 - The Beginnin	2	[{"added": {"name": "activity item", "object": "Lesson 1 - The Beginnin - (3) Byword | word search"}}, {"added": {"name": "activity item", "object": "Lesson 1 - The Beginnin - (4) Byword | music"}}]	26	1
304	2026-05-06 17:16:58.485572+00	188	ball	2	[{"changed": {"fields": ["Verb en", "Translation"]}}]	21	1
305	2026-05-06 17:17:11.428244+00	188	ball	2	[]	21	1
306	2026-05-06 17:17:55.074854+00	167	s	3		21	1
307	2026-05-06 17:18:49.613668+00	352	to see	1	[{"added": {}}]	21	1
308	2026-05-06 17:21:30.26729+00	343	b	3		21	1
309	2026-05-06 17:31:07.999052+00	145	t	3		21	1
310	2026-05-06 17:36:59.804003+00	1	Lesson 1 - 1	2	[{"changed": {"fields": ["Text"]}}]	20	1
311	2026-05-06 17:59:23.300657+00	13	7 - Sun and Stars	2	[{"added": {"name": "word", "object": "Word object (204)"}}, {"changed": {"name": "word", "object": "Word object (194)", "fields": ["Text"]}}]	7	1
312	2026-05-06 18:21:21.603445+00	13	7 - Sun and Stars	2	[{"added": {"name": "word", "object": "Word object (205)"}}, {"changed": {"name": "word", "object": "Word object (200)", "fields": ["Text"]}}]	7	1
313	2026-05-06 18:22:02.721708+00	7	Lesson 7 - 7	2	[{"changed": {"fields": ["Text"]}}]	20	1
314	2026-05-06 18:22:02.736972+00	7	Lesson 7 - 7	2	[{"changed": {"fields": ["Text"]}}]	20	1
315	2026-05-06 18:27:24.372245+00	11	7 - Sun and Stars	2	[]	9	1
316	2026-05-06 18:27:46.668419+00	9	7 - Sun and Stars	3		9	1
317	2026-05-06 23:45:22.707555+00	13	Lesson 8 - Lesson 8	1	[{"added": {}}]	24	1
318	2026-05-07 10:15:15.510639+00	5	Lesson 2 - The Beginning (Cont)	1	[{"added": {}}]	26	1
319	2026-05-07 11:16:56.621465+00	362	test	1	[{"added": {}}]	21	1
320	2026-05-07 12:21:13.790276+00	1	Lesson 1 - The Beginnin	2	[{"changed": {"name": "activity item", "object": "Byword | Dictionary", "fields": ["Order"]}}, {"changed": {"name": "activity item", "object": "Byword | Scramble Words", "fields": ["Order"]}}, {"changed": {"name": "activity item", "object": "Byword | Word Search", "fields": ["Order"]}}, {"changed": {"name": "activity item", "object": "Byword | Music", "fields": ["Order"]}}]	26	1
321	2026-05-07 12:21:44.02586+00	1	Lesson 1 - The Beginnin	2	[{"added": {"name": "activity item", "object": "Byword | Music"}}, {"changed": {"name": "activity item", "object": "Byword | Dictionary", "fields": ["Order"]}}, {"changed": {"name": "activity item", "object": "Byword | Scramble Words", "fields": ["Order"]}}, {"changed": {"name": "activity item", "object": "Byword | Word Search", "fields": ["Order"]}}, {"changed": {"name": "activity item", "object": "Byword | Music", "fields": ["Order"]}}]	26	1
322	2026-05-07 12:22:31.139737+00	1	Lesson 1 - The Beginnin	2	[{"changed": {"name": "activity item", "object": "Byword | Dictionary", "fields": ["Order"]}}, {"changed": {"name": "activity item", "object": "Byword | Scramble Words", "fields": ["Order"]}}, {"changed": {"name": "activity item", "object": "Byword | Word Search", "fields": ["Order"]}}, {"changed": {"name": "activity item", "object": "Byword | Music", "fields": ["Order"]}}, {"deleted": {"name": "activity item", "object": "Byword | Music"}}]	26	1
323	2026-05-07 12:52:17.623737+00	1	Lesson 1 - The Beginnin	2	[{"changed": {"name": "activity item", "object": "Byword | Dictionary", "fields": ["Order"]}}, {"changed": {"name": "activity item", "object": "Byword | Scramble Words", "fields": ["Order"]}}, {"changed": {"name": "activity item", "object": "Byword | Word Search", "fields": ["Order"]}}, {"changed": {"name": "activity item", "object": "Byword | Music", "fields": ["Order"]}}]	26	1
324	2026-05-07 12:52:29.488556+00	1	Lesson 1 - The Beginnin	2	[{"changed": {"name": "activity item", "object": "Byword | Scramble Words", "fields": ["Order"]}}, {"changed": {"name": "activity item", "object": "Byword | Music", "fields": ["Order"]}}, {"changed": {"name": "activity item", "object": "Byword | Dictionary", "fields": ["Order"]}}, {"changed": {"name": "activity item", "object": "Byword | Word Search", "fields": ["Order"]}}]	26	1
325	2026-05-07 12:57:32.902948+00	11	7 - Sun and Stars	2	[{"changed": {"fields": ["Lesson"]}}]	9	1
326	2026-05-07 13:12:40.058664+00	1	Lesson 1 - The Beginnin	2	[{"added": {"name": "activity item", "object": "Byword | Scramble Words"}}]	26	1
327	2026-05-07 13:13:15.50372+00	1	Lesson 1 - The Beginnin	2	[{"changed": {"name": "activity item", "object": "Byword | Dictionary", "fields": ["Order"]}}, {"changed": {"name": "activity item", "object": "Byword | Scramble Words", "fields": ["Order"]}}, {"changed": {"name": "activity item", "object": "Byword | Word Search", "fields": ["Order"]}}, {"changed": {"name": "activity item", "object": "Byword | Scramble Words", "fields": ["Order"]}}]	26	1
328	2026-05-07 13:13:28.846677+00	1	Lesson 1 - The Beginnin	2	[{"changed": {"name": "activity item", "object": "Byword | Scramble Words", "fields": ["Order"]}}, {"changed": {"name": "activity item", "object": "Byword | Word Search", "fields": ["Order"]}}, {"changed": {"name": "activity item", "object": "Byword | Scramble Words", "fields": ["Order"]}}, {"changed": {"name": "activity item", "object": "Byword | Music", "fields": ["Order"]}}, {"changed": {"name": "activity item", "object": "Byword | Dictionary", "fields": ["Order"]}}]	26	1
329	2026-05-07 13:14:05.61141+00	1	Lesson 1 - The Beginnin	2	[{"deleted": {"name": "activity item", "object": "Byword | Scramble Words"}}]	26	1
330	2026-05-07 17:26:42.036783+00	1	Lesson 1 - The Beginnin	2	[]	26	1
331	2026-05-07 17:27:34.651812+00	13	Lesson 8 - The fish and the birds	2	[{"changed": {"fields": ["Name"]}}]	24	1
332	2026-05-07 17:28:01.251258+00	14	Lesson 9 - The human beings	1	[{"added": {}}]	24	1
333	2026-05-08 01:31:25.777624+00	1	Lesson 1 - The Beginning	2	[{"changed": {"fields": ["Name"]}}]	24	1
334	2026-05-08 02:10:43.540079+00	7	Lesson 7 - Sun and Stars	1	[{"added": {}}]	26	1
335	2026-05-08 02:11:10.17982+00	7	Lesson 7 - Sun and Stars	2	[{"added": {"name": "activity item", "object": "Byword | Dictionary"}}, {"added": {"name": "activity item", "object": "Byword | Scramble Words"}}, {"added": {"name": "activity item", "object": "Byword | Word Search"}}]	26	1
336	2026-05-08 02:21:48.138033+00	1	Lesson 1 - The Beginning	2	[]	26	1
337	2026-05-08 02:22:00.202347+00	1	Lesson 1 - The Beginning	2	[]	26	1
338	2026-05-08 02:26:05.835697+00	12	1 - The Beginning	2	[{"changed": {"fields": ["Lesson"]}}]	9	1
339	2026-05-08 22:59:39.1967+00	1	ByWord	2	[{"changed": {"fields": ["Permissions"]}}]	3	1
340	2026-05-09 09:14:04.435397+00	4	Student	1	[{"added": {}}]	3	1
341	2026-05-09 11:53:57.987144+00	1	Genesis 1:1	1	[{"added": {}}]	28	1
342	2026-05-09 11:54:19.363611+00	2	Genesis 1:2	1	[{"added": {}}]	28	1
343	2026-05-09 11:57:34.087718+00	1	Genesis 1:1 - Verse 1	1	[{"added": {}}]	27	1
344	2026-05-09 12:00:08.750966+00	1	ByWord	2	[{"changed": {"fields": ["Permissions"]}}]	3	1
345	2026-05-09 12:04:54.327432+00	1	Lesson 1 - The Beginning	2	[{"added": {"name": "activity item", "object": "Byword | reference"}}, {"added": {"name": "activity item", "object": "Byword | verse"}}]	26	1
346	2026-05-09 12:05:11.422625+00	1	Lesson 1 - The Beginning	2	[{"changed": {"name": "activity item", "object": "Byword | Dictionary", "fields": ["Order"]}}, {"changed": {"name": "activity item", "object": "Byword | Scramble Words", "fields": ["Order"]}}, {"changed": {"name": "activity item", "object": "Byword | Word Search", "fields": ["Order"]}}, {"changed": {"name": "activity item", "object": "Byword | Music", "fields": ["Order"]}}, {"changed": {"name": "activity item", "object": "Byword | reference", "fields": ["Order"]}}, {"changed": {"name": "activity item", "object": "Byword | verse", "fields": ["Order"]}}]	26	1
347	2026-05-09 12:29:13.058225+00	1	Lesson 1 - The Beginning	2	[{"changed": {"name": "activity item", "object": "Byword | Scramble Words", "fields": ["Order"]}}, {"changed": {"name": "activity item", "object": "Byword | Word Search", "fields": ["Order"]}}, {"changed": {"name": "activity item", "object": "Byword | verse", "fields": ["Order"]}}]	26	1
348	2026-05-09 12:31:01.872046+00	1	Genesis 1:1 - Verse 1	2	[{"changed": {"fields": ["Original text"]}}]	27	1
349	2026-05-09 18:35:03.762565+00	1	Lesson 1 - Complete the sentences	1	[{"added": {}}]	29	1
350	2026-05-09 18:35:26.934196+00	1	Lesson 1 - Complete the sentences	2	[{"changed": {"fields": ["Sentences"]}}]	29	1
351	2026-05-09 18:35:47.135794+00	1	Lesson 1 - Complete the sentences	2	[{"changed": {"fields": ["Sentences"]}}]	29	1
352	2026-05-09 18:35:56.330148+00	1	Lesson 1 - Complete the sentences	2	[{"changed": {"fields": ["Sentences"]}}]	29	1
353	2026-05-09 18:36:07.050606+00	1	Lesson 1 - Complete the sentences	2	[{"changed": {"fields": ["Sentences"]}}]	29	1
354	2026-05-09 18:36:26.910275+00	1	Lesson 1 - Complete the sentences	2	[{"changed": {"fields": ["Sentences"]}}]	29	1
355	2026-05-09 18:43:47.234086+00	2	Lesson 1 - Complete and copy the sentences	1	[{"added": {}}]	29	1
356	2026-05-09 18:46:27.923137+00	2	Lesson 1 - Complete and copy the sentences	2	[{"changed": {"fields": ["Sentences"]}}]	29	1
357	2026-05-09 18:48:14.065498+00	3	Lesson 1 - Going deeper	1	[{"added": {}}]	29	1
358	2026-05-09 18:52:04.984432+00	1	Genesis 1:1 (NLT, EASY)	2	[{"changed": {"fields": ["Reference", "Subtitle"]}}]	28	1
359	2026-05-09 18:52:26.797995+00	2	Genesis 1:2 (NLT, EASY)	2	[{"changed": {"fields": ["Reference", "Subtitle"]}}]	28	1
360	2026-05-10 01:10:47.520943+00	1	Lesson 1 - The Beginning	2	[{"added": {"name": "activity item", "object": "Byword | Music"}}, {"changed": {"name": "activity item", "object": "Byword | Complete the Sentence", "fields": ["Content type"]}}]	26	1
361	2026-05-10 01:11:55.384336+00	1	Lesson 1 - The Beginning	2	[{"changed": {"name": "activity item", "object": "Byword | Word Search", "fields": ["Order"]}}, {"changed": {"name": "activity item", "object": "Byword | Complete the Sentence", "fields": ["Order"]}}]	26	1
362	2026-05-10 02:14:49.05964+00	1	Genesis 1:1 (NLT, EASY)	2	[{"changed": {"fields": ["Subtitle"]}}]	28	1
363	2026-05-10 02:15:47.388262+00	1	Genesis 1:1 (NLT, EASY)	2	[{"changed": {"fields": ["Subtitle"]}}]	28	1
364	2026-05-10 02:16:26.083483+00	1	Genesis 1:1 (NLT, EASY)	2	[{"changed": {"fields": ["Subtitle"]}}]	28	1
365	2026-05-10 02:18:22.082008+00	2	Lesson 1 - Complete and copy the sentences	2	[{"changed": {"fields": ["Sentences"]}}]	29	1
366	2026-05-10 12:54:59.991227+00	1	Lesson 1 - The Beginning	2	[{"added": {"name": "activity item", "object": "Byword | Word Search"}}, {"changed": {"name": "activity item", "object": "Byword | Scramble Words", "fields": ["Order"]}}, {"changed": {"name": "activity item", "object": "Byword | Complete the Sentence", "fields": ["Order"]}}, {"changed": {"name": "activity item", "object": "Byword | Complete the Sentence", "fields": ["Order", "Content type"]}}, {"changed": {"name": "activity item", "object": "Byword | verse", "fields": ["Order", "Content type"]}}]	26	1
367	2026-05-10 18:19:50.105392+00	2	Genesis 1:2 (NLT, EASY)	2	[{"changed": {"fields": ["Lesson"]}}]	28	1
368	2026-05-10 18:22:27.769922+00	1	Lesson 1 - The Beginning	2	[]	26	1
369	2026-05-10 18:23:42.810101+00	2	Genesis 1:2 (NLT, EASY) - Verse 2	1	[{"added": {}}]	27	1
370	2026-05-10 18:24:50.15179+00	2	Genesis 1:2 (NLT, EASY)	2	[{"changed": {"fields": ["Lesson"]}}]	28	1
371	2026-05-10 18:26:02.966755+00	2	Genesis 1:2 (NLT, EASY) - Verse 2	2	[]	27	1
372	2026-05-10 18:26:19.555309+00	1	Lesson 1 - The Beginning	2	[{"changed": {"name": "activity item", "object": "Byword | Complete the Sentence", "fields": ["Order"]}}, {"changed": {"name": "activity item", "object": "Byword | Word Search", "fields": ["Order"]}}]	26	1
373	2026-05-10 18:26:23.797887+00	1	Lesson 1 - The Beginning	2	[{"changed": {"name": "activity item", "object": "Byword | Word Search", "fields": ["Order"]}}, {"changed": {"name": "activity item", "object": "Byword | Complete the Sentence", "fields": ["Order"]}}]	26	1
374	2026-05-10 18:27:59.107476+00	2	Genesis 1:2 (NLT, EASY) - Verse 2	2	[{"changed": {"fields": ["Original text"]}}]	27	1
375	2026-05-10 18:57:51.185434+00	1	Lesson 1 - The Beginning	2	[{"changed": {"name": "activity item", "object": "Byword | Complete the Sentence", "fields": ["Content type"]}}, {"deleted": {"name": "activity item", "object": "Byword | verse"}}, {"deleted": {"name": "activity item", "object": "Byword | Complete the Sentence"}}]	26	1
376	2026-05-10 19:22:20.681263+00	1	Lesson 1 - The Beginning	2	[]	26	1
377	2026-05-10 19:25:52.449879+00	2	Genesis 1:2 (NLT, EASY) - Verse 2	2	[{"changed": {"fields": ["Original text"]}}]	27	1
378	2026-05-10 19:26:24.617964+00	1	Lesson 1 - Complete the sentences	2	[]	29	1
379	2026-05-10 19:26:34.475683+00	164	a	2	[]	21	1
380	2026-05-10 19:26:43.633131+00	1	Lesson 1 - 1	2	[{"changed": {"fields": ["Text"]}}]	20	1
381	2026-05-10 19:41:41.059413+00	5	Lesson 2 - The Beginning (Cont)	2	[{"added": {"name": "activity item", "object": "Byword | reference - ALL"}}, {"added": {"name": "activity item", "object": "Byword | Dictionary - ALL"}}, {"added": {"name": "activity item", "object": "Byword | Complete the Sentence - ALL"}}]	26	1
382	2026-05-10 20:58:30.453612+00	1	Genesis 1:1 (NLT, EASY)	2	[]	28	1
383	2026-05-10 20:58:39.715676+00	1	Lesson 1 - The Beginning or 'Reference' 	2	[]	27	1
384	2026-05-10 20:58:50.220402+00	2	Lesson 1 - The Beginning or 'Reference' 	2	[]	27	1
385	2026-05-11 00:28:58.440264+00	1	Lesson 1 - The Beginning	2	[{"changed": {"name": "activity item", "object": "Byword | reference - ALL", "fields": ["Content type"]}}, {"changed": {"name": "activity item", "object": "Byword | verse - Genesis 1:1 (NLT, EASY) - Verse *[\\u00b9] At the first God made the heaven and the earth.*", "fields": ["Object id"]}}, {"changed": {"name": "activity item", "object": "Byword | Complete the Sentence - Lesson 1 - Complete and copy the sentences", "fields": ["Object id"]}}, {"changed": {"name": "activity item", "object": "Byword | Scramble Words - Scrambled words", "fields": ["Object id"]}}, {"changed": {"name": "activity item", "object": "Byword | Word Search - Word search", "fields": ["Object id"]}}]	26	1
386	2026-05-11 00:57:40.202649+00	1	Lesson 1 - The Beginning	2	[]	26	1
387	2026-05-11 01:15:40.728132+00	1	Lesson 1 - The Beginning	2	[{"added": {"name": "activity item", "object": "Byword | Complete the Sentence - ALL"}}]	26	1
388	2026-05-11 12:41:28.160269+00	1	*[¹] At the first God made the heaven and the earth.*	2	[]	27	1
389	2026-05-11 12:44:20.702406+00	1	*[¹] At the first God made the heaven and the earth.*	2	[]	27	1
390	2026-05-11 12:49:55.762976+00	1	*[¹] At the first God made the heaven and the earth.*	2	[]	27	1
391	2026-05-11 12:54:04.905873+00	2	[2] The earth was without shape and empty.	2	[{"changed": {"fields": ["Subtitle"]}}]	27	1
392	2026-05-11 13:01:23.845544+00	1	Lesson 1 - The Beginning	2	[{"added": {"name": "activity item", "object": "Byword | Image Activity - ALL"}}]	26	1
393	2026-05-11 13:02:25.376519+00	1	Lesson 1 - The Beginning	2	[{"added": {"name": "activity item", "object": "Byword | Complete the Sentence - ALL"}}, {"changed": {"name": "activity item", "object": "Byword | Complete the Sentence - Lesson 1 - Complete the sentences", "fields": ["Object id"]}}, {"changed": {"name": "activity item", "object": "Byword | Scramble Words - Scrambled words", "fields": ["Order"]}}, {"changed": {"name": "activity item", "object": "Byword | Complete the Sentence - Lesson 1 - Complete and copy the sentences", "fields": ["Order", "Object id"]}}, {"changed": {"name": "activity item", "object": "Byword | Image Activity - ALL", "fields": ["Order"]}}]	26	1
394	2026-05-11 13:02:59.753082+00	1	Lesson 1 - The Beginning	2	[{"added": {"name": "activity item", "object": "Byword | Write de Verse - ALL"}}, {"changed": {"name": "activity item", "object": "Byword | Scramble Words - Scrambled words", "fields": ["Order"]}}, {"changed": {"name": "activity item", "object": "Byword | Word Search - Word search", "fields": ["Order"]}}, {"changed": {"name": "activity item", "object": "Byword | Complete the Sentence - Lesson 1 - Going deeper", "fields": ["Order", "Object id"]}}]	26	1
395	2026-05-11 13:03:29.288928+00	1	Lesson 1 - The Beginning	2	[{"changed": {"name": "activity item", "object": "Byword | Word Search - Word search", "fields": ["Order"]}}, {"changed": {"name": "activity item", "object": "Byword | Write de Verse - [2] The earth was without shape and empty.", "fields": ["Order", "Object id"]}}]	26	1
396	2026-05-11 13:49:34.179191+00	1	I+you=we!	1	[{"added": {}}]	31	1
397	2026-05-11 14:34:04.334196+00	2	*[2] The earth was without shape and empty.*	2	[{"changed": {"fields": ["Original text"]}}]	27	1
398	2026-05-12 07:09:09.439583+00	1	We will study with you\r\nAnd we	1	[{"added": {}}]	32	1
399	2026-05-12 07:22:21.582418+00	1	Lesson 1 - The Beginning	2	[{"added": {"name": "activity item", "object": "Byword | Scramble Sentence - ALL"}}]	26	1
400	2026-05-12 07:22:56.85021+00	1	Scramble Sentence	2	[{"changed": {"fields": ["Subtitle", "Scrambled text"]}}]	32	1
401	2026-05-12 07:23:25.189582+00	1	Lesson 1 - The Beginning	2	[{"changed": {"name": "activity item", "object": "Byword | Write de Verse - *[2] The earth was without shape and empty.*", "fields": ["Order"]}}, {"changed": {"name": "activity item", "object": "Byword | Word Search - Word search", "fields": ["Order"]}}, {"changed": {"name": "activity item", "object": "Byword | Scramble Sentence - ALL", "fields": ["Order"]}}]	26	1
402	2026-05-12 07:35:36.194245+00	1	Scramble Sentence	2	[{"changed": {"fields": ["Scrambled text"]}}]	32	1
403	2026-05-12 07:56:36.289001+00	1	Lesson 1 - Complete the sentences	2	[{"changed": {"fields": ["Generate hints"]}}]	29	1
404	2026-05-12 07:57:12.70938+00	1	Lesson 1 - Complete the sentences	2	[{"changed": {"fields": ["Generate hints"]}}]	29	1
405	2026-05-12 07:57:24.592766+00	1	Lesson 1 - Complete the sentences	2	[{"changed": {"fields": ["Generate hints"]}}]	29	1
406	2026-05-12 07:57:30.888763+00	1	Lesson 1 - Complete the sentences	2	[{"changed": {"fields": ["Generate hints"]}}]	29	1
407	2026-05-13 12:29:58.941601+00	1	Lesson 1 - Complete the sentences	2	[{"changed": {"fields": ["Generate hints"]}}]	29	1
408	2026-05-13 12:30:27.083048+00	1	Lesson 1 - Complete the sentences	2	[{"changed": {"fields": ["Generate hints"]}}]	29	1
409	2026-05-13 12:53:21.008165+00	1	Lesson 1 - The Beginning	2	[{"changed": {"fields": ["Generated file"]}}, {"changed": {"name": "activity item", "object": "Byword | Write de Verse - ALL", "fields": ["Object id"]}}]	26	1
410	2026-05-18 17:11:15.005397+00	4	Lesson 4 - 4	2	[{"changed": {"fields": ["Text"]}}]	20	1
411	2026-05-18 17:25:51.7155+00	5	Lesson 5 - 5	2	[{"changed": {"fields": ["Text"]}}]	20	1
412	2026-05-18 17:26:24.656725+00	4	Lesson 4 - 4	2	[]	20	1
413	2026-05-18 17:26:53.344778+00	3	Lesson 3 - 3	2	[]	20	1
414	2026-05-18 17:28:05.879201+00	2	Lesson 2 - 2	2	[{"changed": {"fields": ["Text"]}}]	20	1
415	2026-05-18 17:29:18.357737+00	2	Lesson 2 - 2	2	[{"changed": {"fields": ["Text"]}}]	20	1
416	2026-05-20 13:06:43.108321+00	11	Skidamarink -	1	[{"added": {}}]	22	1
417	2026-05-20 13:22:28.344692+00	11	Skidamarink -	2	[{"changed": {"fields": ["Ignored words"]}}]	22	1
418	2026-05-20 13:22:52.333016+00	11	Skidamarink -	2	[{"changed": {"fields": ["Lyrics"]}}]	22	1
419	2026-05-20 13:34:40.352042+00	11	Skidamarink -	2	[]	22	1
420	2026-05-20 13:38:00.801022+00	11	Skidamarink -	2	[{"changed": {"fields": ["Lyrics"]}}]	22	1
421	2026-05-20 13:39:40.079116+00	11	Skidamarink -	2	[]	22	1
\.


--
-- Data for Name: django_content_type; Type: TABLE DATA; Schema: public; Owner: byword
--

COPY public.django_content_type (id, app_label, model) FROM stdin;
1	admin	logentry
2	auth	permission
3	auth	group
4	auth	user
5	contenttypes	contenttype
6	sessions	session
7	byword	wordsearch
8	byword	word
9	byword	scrambleword
10	accounts	studentprofile
11	accounts	studentstatushistory
12	academic	enrollment
13	academic	class
14	academic	classprice
15	finance	financialstatus
16	finance	payment
17	academic	blockedschedule
18	academic	classschedule
19	academic	weeklyscheduleproxy
21	byword	dictionary
22	byword	music
20	byword	lessontext
23	byword	dictionaryoccurrence
24	byword	lesson
25	byword	activityitem
26	byword	activity
27	byword	verse
28	byword	reference
29	byword	completethesentence
30	byword	crossword
31	byword	activityimage
32	byword	scramblesentence
\.


--
-- Data for Name: django_migrations; Type: TABLE DATA; Schema: public; Owner: byword
--

COPY public.django_migrations (id, app, name, applied) FROM stdin;
1	contenttypes	0001_initial	2026-04-27 11:44:34.511171+00
2	auth	0001_initial	2026-04-27 11:44:34.632995+00
3	admin	0001_initial	2026-04-27 11:44:34.666071+00
4	admin	0002_logentry_remove_auto_add	2026-04-27 11:44:34.673276+00
5	admin	0003_logentry_add_action_flag_choices	2026-04-27 11:44:34.680871+00
6	contenttypes	0002_remove_content_type_name	2026-04-27 11:44:34.69271+00
7	auth	0002_alter_permission_name_max_length	2026-04-27 11:44:34.700056+00
8	auth	0003_alter_user_email_max_length	2026-04-27 11:44:34.706554+00
9	auth	0004_alter_user_username_opts	2026-04-27 11:44:34.712133+00
10	auth	0005_alter_user_last_login_null	2026-04-27 11:44:34.718943+00
11	auth	0006_require_contenttypes_0002	2026-04-27 11:44:34.723056+00
12	auth	0007_alter_validators_add_error_messages	2026-04-27 11:44:34.729093+00
13	auth	0008_alter_user_username_max_length	2026-04-27 11:44:34.742031+00
14	auth	0009_alter_user_last_name_max_length	2026-04-27 11:44:34.749932+00
15	auth	0010_alter_group_name_max_length	2026-04-27 11:44:34.757158+00
16	auth	0011_update_proxy_permissions	2026-04-27 11:44:34.763108+00
17	auth	0012_alter_user_first_name_max_length	2026-04-27 11:44:34.769686+00
18	sessions	0001_initial	2026-04-27 11:44:34.798425+00
19	byword	0001_initial	2026-04-27 12:13:41.782791+00
20	byword	0002_scrambleword	2026-04-30 02:27:17.997673+00
21	byword	0003_scrambleword_titulo	2026-04-30 02:49:17.165882+00
22	accounts	0001_initial	2026-05-01 17:41:50.937017+00
23	academic	0001_initial	2026-05-01 17:41:51.002075+00
24	finance	0001_initial	2026-05-01 17:41:51.067002+00
25	academic	0002_blockedschedule_classschedule	2026-05-02 12:39:05.028723+00
26	academic	0003_weeklyscheduleproxy_alter_classschedule_day_of_week	2026-05-03 00:13:11.146793+00
27	byword	0004_slide_dictionary_music	2026-05-03 18:24:50.549915+00
28	byword	0005_rename_slide_lessontext	2026-05-03 19:49:50.217091+00
29	byword	0006_remove_dictionary_content_type_and_more	2026-05-04 01:18:05.734884+00
30	byword	0007_alter_wordsearch_cols_alter_wordsearch_rows	2026-05-04 22:46:07.3537+00
31	byword	0008_lesson_scrambleword_lesson_wordsearch_lesson	2026-05-05 01:31:01.38666+00
32	byword	0009_alter_music_unique_together_and_more	2026-05-05 02:26:48.915194+00
33	byword	0010_remove_dictionaryoccurrence_number_lesson_and_more	2026-05-05 03:06:19.658159+00
34	byword	0011_alter_scrambleword_lesson	2026-05-05 14:35:34.414417+00
35	byword	0012_activity_activityitem	2026-05-06 06:35:41.878149+00
36	byword	0013_remove_activityitem_object_id_and_more	2026-05-06 07:06:35.314282+00
37	byword	0014_alter_dictionary_options_alter_music_options_and_more	2026-05-07 12:51:43.077684+00
38	byword	0015_reference_verse	2026-05-09 11:43:11.56327+00
39	byword	0016_dictionary_subtitle_lessontext_subtitle_and_more	2026-05-09 18:29:46.217871+00
40	byword	0017_crossword	2026-05-09 20:27:51.316543+00
41	byword	0018_alter_reference_subtitle	2026-05-10 02:14:24.242852+00
42	byword	0019_activityitem_object_id_and_more	2026-05-10 19:11:19.255456+00
43	byword	0020_activityimage	2026-05-11 11:53:52.236737+00
44	byword	0021_alter_activityimage_options_alter_dictionary_options_and_more	2026-05-12 07:01:50.943447+00
45	byword	0022_activity_generated_file	2026-05-12 07:21:41.215697+00
46	byword	0023_completethesentence_generate_hints	2026-05-12 07:55:43.977122+00
47	byword	0024_alter_music_lesson	2026-05-20 12:12:02.92858+00
48	byword	0025_remove_music_number_lesson	2026-05-20 12:52:35.708942+00
49	byword	0026_music_ignored_words	2026-05-20 13:20:32.725146+00
\.


--
-- Data for Name: django_session; Type: TABLE DATA; Schema: public; Owner: byword
--

COPY public.django_session (session_key, session_data, expire_date) FROM stdin;
pokecqorwjbf856x0zliz78xl4l58qg0	.eJxVjMEOwiAQRP-FsyHL2kLx6N1vIAsLUjWQlPZk_Hdp0oPObebNzFs42tbsthYXN7O4CCVOv5mn8IxlB_ygcq8y1LIus5d7RR60yVvl-Loe3b-DTC33NcbkCQcYrbXK6gRgeOoy6I1OXnej4GwZB-YUFALBNCJqIoQEzOLzBcZSN0M:1wIrx8:kiNxhil9lL7XhXZ7DTidLAcIR4pVs7Dz1xB58hv-7x8	2026-05-15 17:47:02.155112+00
xsfl6b9ycc4i3qpbbcaevvqrhb5s64b5	.eJxVjEEOwiAQRe_C2hAYKBCX7j0DmWGoVA0kpV013t026UK3_733NxFxXUpce57jxOIqjLj8boTplesB-In10WRqdZknkociT9rlvXF-307376BgL3ttWQOgyzh6rdDqgBBIsTaKgkeGFMxolU8-G-UsO9qtAcAETAN5bcTnC9YTN0U:1wJIUU:D4f719uRSmIdYiInPrzWUCVLUEIv1gAKQSWm7MFrEtE	2026-05-16 22:07:14.513529+00
qu33nib0wrsx6984imx9kbb5jubxt3y2	.eJxVjEEOwiAQRe_C2hAYKBCX7j0DmWGoVA0kpV013t026UK3_733NxFxXUpce57jxOIqjLj8boTplesB-In10WRqdZknkociT9rlvXF-307376BgL3ttWQOgyzh6rdDqgBBIsTaKgkeGFMxolU8-G-UsO9qtAcAETAN5bcTnC9YTN0U:1wJIX8:hqbwWEsJp-7L4q9omf8GZrSdbvuoNmmShnCAd2Va50Q	2026-05-16 22:09:58.963943+00
nni9qa4pvo7jgdc9omepkw6mc17c8sf9	.eJxVjEEOwiAQRe_C2hAYKBCX7j0DmWGoVA0kpV013t026UK3_733NxFxXUpce57jxOIqjLj8boTplesB-In10WRqdZknkociT9rlvXF-307376BgL3ttWQOgyzh6rdDqgBBIsTaKgkeGFMxolU8-G-UsO9qtAcAETAN5bcTnC9YTN0U:1wJKVI:WFzJ_9kOZwnPjO0XxNkvMYwZE5PNYQDz5VpYPDS43Uw	2026-05-17 00:16:12.582972+00
nh53buuy7adzvqeucuqd3x2om1vo7x3f	.eJxVjMEOwiAQRP-FsyHL2kLx6N1vIAsLUjWQlPZk_Hdp0oPObebNzFs42tbsthYXN7O4CCVOv5mn8IxlB_ygcq8y1LIus5d7RR60yVvl-Loe3b-DTC33NcbkCQcYrbXK6gRgeOoy6I1OXnej4GwZB-YUFALBNCJqIoQEzOLzBcZSN0M:1wJept:wGfpIMsgcSiZJTwEUCK6CvmE-s9vyhZKEki_hLKGaSQ	2026-05-17 21:58:49.10267+00
40cptbf16aolz7lp3k2hhzbcwmtl65ry	.eJxVjMEOwiAQRP-FsyHL2kLx6N1vIAsLUjWQlPZk_Hdp0oPObebNzFs42tbsthYXN7O4CCVOv5mn8IxlB_ygcq8y1LIus5d7RR60yVvl-Loe3b-DTC33NcbkCQcYrbXK6gRgeOoy6I1OXnej4GwZB-YUFALBNCJqIoQEzOLzBcZSN0M:1wLU9g:ptHMlfngTDSANqUsNkpn5-VVU6G2nFDmtS5Qp92b2p0	2026-05-22 22:58:48.43011+00
rktl70f4uqz7bngwui1luggme0r3jttx	.eJxVjMEOwiAQRP-FsyHL2kLx6N1vIAsLUjWQlPZk_Hdp0oPObebNzFs42tbsthYXN7O4CCVOv5mn8IxlB_ygcq8y1LIus5d7RR60yVvl-Loe3b-DTC33NcbkCQcYrbXK6gRgeOoy6I1OXnej4GwZB-YUFALBNCJqIoQEzOLzBcZSN0M:1wLeNy:DbkHJxD2ab_rz1rTwLXRVpwvcqrmtU-I09ElEXBFcdA	2026-05-23 09:54:14.125845+00
9kwjncmzs96pt0k6zq4j3bemu66yc7ud	.eJxVjMEOwiAQRP-FsyHL2kLx6N1vIAsLUjWQlPZk_Hdp0oPObebNzFs42tbsthYXN7O4CCVOv5mn8IxlB_ygcq8y1LIus5d7RR60yVvl-Loe3b-DTC33NcbkCQcYrbXK6gRgeOoy6I1OXnej4GwZB-YUFALBNCJqIoQEzOLzBcZSN0M:1wN8f9:AFiJ0HudEirbMB6NnLntNKneOP6igAB2dtZOqh36o3A	2026-05-27 12:26:07.305368+00
7b7bax4j8ef0suuai0ic5nzj0gkna04y	.eJxVjMEOwiAQRP-FsyHL2kLx6N1vIAsLUjWQlPZk_Hdp0oPObebNzFs42tbsthYXN7O4CCVOv5mn8IxlB_ygcq8y1LIus5d7RR60yVvl-Loe3b-DTC33NcbkCQcYrbXK6gRgeOoy6I1OXnej4GwZB-YUFALBNCJqIoQEzOLzBcZSN0M:1wPfbk:0-FPP_PCwFbVx7I9PynAK5LW-42NN2tKQFPBfo8fYEc	2026-06-03 12:01:04.717842+00
\.


--
-- Data for Name: finance_financialstatus; Type: TABLE DATA; Schema: public; Owner: byword
--

COPY public.finance_financialstatus (id, created_at, updated_at, start_date, end_date, status, reference_month, notes, student_id) FROM stdin;
1	2026-05-01 18:04:25.430461+00	2026-05-01 18:04:41.50072+00	2026-05-01	2026-05-31	paid	2026-05-01		1
\.


--
-- Data for Name: finance_payment; Type: TABLE DATA; Schema: public; Owner: byword
--

COPY public.finance_payment (id, created_at, updated_at, amount, payment_date, reference_month, payment_method, status, transaction_id, notes, class_obj_id, student_id) FROM stdin;
1	2026-05-01 18:03:38.447652+00	2026-05-01 18:03:38.447661+00	150.00	2026-04-29	2026-05-01	pix	confirmed			1	1
\.


--
-- Name: academic_blockedschedule_id_seq; Type: SEQUENCE SET; Schema: public; Owner: byword
--

SELECT pg_catalog.setval('public.academic_blockedschedule_id_seq', 6, true);


--
-- Name: academic_class_id_seq; Type: SEQUENCE SET; Schema: public; Owner: byword
--

SELECT pg_catalog.setval('public.academic_class_id_seq', 2, true);


--
-- Name: academic_classprice_id_seq; Type: SEQUENCE SET; Schema: public; Owner: byword
--

SELECT pg_catalog.setval('public.academic_classprice_id_seq', 2, true);


--
-- Name: academic_classschedule_id_seq; Type: SEQUENCE SET; Schema: public; Owner: byword
--

SELECT pg_catalog.setval('public.academic_classschedule_id_seq', 2, true);


--
-- Name: academic_enrollment_id_seq; Type: SEQUENCE SET; Schema: public; Owner: byword
--

SELECT pg_catalog.setval('public.academic_enrollment_id_seq', 1, true);


--
-- Name: accounts_studentprofile_id_seq; Type: SEQUENCE SET; Schema: public; Owner: byword
--

SELECT pg_catalog.setval('public.accounts_studentprofile_id_seq', 1, true);


--
-- Name: accounts_studentstatushistory_id_seq; Type: SEQUENCE SET; Schema: public; Owner: byword
--

SELECT pg_catalog.setval('public.accounts_studentstatushistory_id_seq', 1, true);


--
-- Name: auth_group_id_seq; Type: SEQUENCE SET; Schema: public; Owner: byword
--

SELECT pg_catalog.setval('public.auth_group_id_seq', 4, true);


--
-- Name: auth_group_permissions_id_seq; Type: SEQUENCE SET; Schema: public; Owner: byword
--

SELECT pg_catalog.setval('public.auth_group_permissions_id_seq', 105, true);


--
-- Name: auth_permission_id_seq; Type: SEQUENCE SET; Schema: public; Owner: byword
--

SELECT pg_catalog.setval('public.auth_permission_id_seq', 133, true);


--
-- Name: auth_user_groups_id_seq; Type: SEQUENCE SET; Schema: public; Owner: byword
--

SELECT pg_catalog.setval('public.auth_user_groups_id_seq', 2, true);


--
-- Name: auth_user_id_seq; Type: SEQUENCE SET; Schema: public; Owner: byword
--

SELECT pg_catalog.setval('public.auth_user_id_seq', 5, true);


--
-- Name: auth_user_user_permissions_id_seq; Type: SEQUENCE SET; Schema: public; Owner: byword
--

SELECT pg_catalog.setval('public.auth_user_user_permissions_id_seq', 32, true);


--
-- Name: byword_activity_id_seq; Type: SEQUENCE SET; Schema: public; Owner: byword
--

SELECT pg_catalog.setval('public.byword_activity_id_seq', 7, true);


--
-- Name: byword_activityimage_id_seq; Type: SEQUENCE SET; Schema: public; Owner: byword
--

SELECT pg_catalog.setval('public.byword_activityimage_id_seq', 1, true);


--
-- Name: byword_activityitem_id_seq; Type: SEQUENCE SET; Schema: public; Owner: byword
--

SELECT pg_catalog.setval('public.byword_activityitem_id_seq', 30, true);


--
-- Name: byword_completethesentence_id_seq; Type: SEQUENCE SET; Schema: public; Owner: byword
--

SELECT pg_catalog.setval('public.byword_completethesentence_id_seq', 3, true);


--
-- Name: byword_crossword_id_seq; Type: SEQUENCE SET; Schema: public; Owner: byword
--

SELECT pg_catalog.setval('public.byword_crossword_id_seq', 1, false);


--
-- Name: byword_dictionary_id_seq; Type: SEQUENCE SET; Schema: public; Owner: byword
--

SELECT pg_catalog.setval('public.byword_dictionary_id_seq', 378, true);


--
-- Name: byword_dictionaryoccurrence_id_seq; Type: SEQUENCE SET; Schema: public; Owner: byword
--

SELECT pg_catalog.setval('public.byword_dictionaryoccurrence_id_seq', 620, true);


--
-- Name: byword_lesson_id_seq; Type: SEQUENCE SET; Schema: public; Owner: byword
--

SELECT pg_catalog.setval('public.byword_lesson_id_seq', 14, true);


--
-- Name: byword_music_id_seq; Type: SEQUENCE SET; Schema: public; Owner: byword
--

SELECT pg_catalog.setval('public.byword_music_id_seq', 11, true);


--
-- Name: byword_reference_id_seq; Type: SEQUENCE SET; Schema: public; Owner: byword
--

SELECT pg_catalog.setval('public.byword_reference_id_seq', 2, true);


--
-- Name: byword_scramblesentence_id_seq; Type: SEQUENCE SET; Schema: public; Owner: byword
--

SELECT pg_catalog.setval('public.byword_scramblesentence_id_seq', 1, true);


--
-- Name: byword_scrambleword_id_seq; Type: SEQUENCE SET; Schema: public; Owner: byword
--

SELECT pg_catalog.setval('public.byword_scrambleword_id_seq', 13, true);


--
-- Name: byword_slide_id_seq; Type: SEQUENCE SET; Schema: public; Owner: byword
--

SELECT pg_catalog.setval('public.byword_slide_id_seq', 7, true);


--
-- Name: byword_verse_id_seq; Type: SEQUENCE SET; Schema: public; Owner: byword
--

SELECT pg_catalog.setval('public.byword_verse_id_seq', 2, true);


--
-- Name: byword_word_id_seq; Type: SEQUENCE SET; Schema: public; Owner: byword
--

SELECT pg_catalog.setval('public.byword_word_id_seq', 228, true);


--
-- Name: byword_wordsearch_id_seq; Type: SEQUENCE SET; Schema: public; Owner: byword
--

SELECT pg_catalog.setval('public.byword_wordsearch_id_seq', 14, true);


--
-- Name: django_admin_log_id_seq; Type: SEQUENCE SET; Schema: public; Owner: byword
--

SELECT pg_catalog.setval('public.django_admin_log_id_seq', 421, true);


--
-- Name: django_content_type_id_seq; Type: SEQUENCE SET; Schema: public; Owner: byword
--

SELECT pg_catalog.setval('public.django_content_type_id_seq', 32, true);


--
-- Name: django_migrations_id_seq; Type: SEQUENCE SET; Schema: public; Owner: byword
--

SELECT pg_catalog.setval('public.django_migrations_id_seq', 49, true);


--
-- Name: finance_financialstatus_id_seq; Type: SEQUENCE SET; Schema: public; Owner: byword
--

SELECT pg_catalog.setval('public.finance_financialstatus_id_seq', 1, true);


--
-- Name: finance_payment_id_seq; Type: SEQUENCE SET; Schema: public; Owner: byword
--

SELECT pg_catalog.setval('public.finance_payment_id_seq', 1, true);


--
-- Name: academic_blockedschedule academic_blockedschedule_pkey; Type: CONSTRAINT; Schema: public; Owner: byword
--

ALTER TABLE ONLY public.academic_blockedschedule
    ADD CONSTRAINT academic_blockedschedule_pkey PRIMARY KEY (id);


--
-- Name: academic_class academic_class_pkey; Type: CONSTRAINT; Schema: public; Owner: byword
--

ALTER TABLE ONLY public.academic_class
    ADD CONSTRAINT academic_class_pkey PRIMARY KEY (id);


--
-- Name: academic_classprice academic_classprice_pkey; Type: CONSTRAINT; Schema: public; Owner: byword
--

ALTER TABLE ONLY public.academic_classprice
    ADD CONSTRAINT academic_classprice_pkey PRIMARY KEY (id);


--
-- Name: academic_classschedule academic_classschedule_pkey; Type: CONSTRAINT; Schema: public; Owner: byword
--

ALTER TABLE ONLY public.academic_classschedule
    ADD CONSTRAINT academic_classschedule_pkey PRIMARY KEY (id);


--
-- Name: academic_enrollment academic_enrollment_pkey; Type: CONSTRAINT; Schema: public; Owner: byword
--

ALTER TABLE ONLY public.academic_enrollment
    ADD CONSTRAINT academic_enrollment_pkey PRIMARY KEY (id);


--
-- Name: academic_enrollment academic_enrollment_student_id_class_obj_id__d7da1a1f_uniq; Type: CONSTRAINT; Schema: public; Owner: byword
--

ALTER TABLE ONLY public.academic_enrollment
    ADD CONSTRAINT academic_enrollment_student_id_class_obj_id__d7da1a1f_uniq UNIQUE (student_id, class_obj_id, start_date);


--
-- Name: accounts_studentprofile accounts_studentprofile_enrollment_number_key; Type: CONSTRAINT; Schema: public; Owner: byword
--

ALTER TABLE ONLY public.accounts_studentprofile
    ADD CONSTRAINT accounts_studentprofile_enrollment_number_key UNIQUE (enrollment_number);


--
-- Name: accounts_studentprofile accounts_studentprofile_pkey; Type: CONSTRAINT; Schema: public; Owner: byword
--

ALTER TABLE ONLY public.accounts_studentprofile
    ADD CONSTRAINT accounts_studentprofile_pkey PRIMARY KEY (id);


--
-- Name: accounts_studentprofile accounts_studentprofile_user_id_key; Type: CONSTRAINT; Schema: public; Owner: byword
--

ALTER TABLE ONLY public.accounts_studentprofile
    ADD CONSTRAINT accounts_studentprofile_user_id_key UNIQUE (user_id);


--
-- Name: accounts_studentstatushistory accounts_studentstatushistory_pkey; Type: CONSTRAINT; Schema: public; Owner: byword
--

ALTER TABLE ONLY public.accounts_studentstatushistory
    ADD CONSTRAINT accounts_studentstatushistory_pkey PRIMARY KEY (id);


--
-- Name: auth_group auth_group_name_key; Type: CONSTRAINT; Schema: public; Owner: byword
--

ALTER TABLE ONLY public.auth_group
    ADD CONSTRAINT auth_group_name_key UNIQUE (name);


--
-- Name: auth_group_permissions auth_group_permissions_group_id_permission_id_0cd325b0_uniq; Type: CONSTRAINT; Schema: public; Owner: byword
--

ALTER TABLE ONLY public.auth_group_permissions
    ADD CONSTRAINT auth_group_permissions_group_id_permission_id_0cd325b0_uniq UNIQUE (group_id, permission_id);


--
-- Name: auth_group_permissions auth_group_permissions_pkey; Type: CONSTRAINT; Schema: public; Owner: byword
--

ALTER TABLE ONLY public.auth_group_permissions
    ADD CONSTRAINT auth_group_permissions_pkey PRIMARY KEY (id);


--
-- Name: auth_group auth_group_pkey; Type: CONSTRAINT; Schema: public; Owner: byword
--

ALTER TABLE ONLY public.auth_group
    ADD CONSTRAINT auth_group_pkey PRIMARY KEY (id);


--
-- Name: auth_permission auth_permission_content_type_id_codename_01ab375a_uniq; Type: CONSTRAINT; Schema: public; Owner: byword
--

ALTER TABLE ONLY public.auth_permission
    ADD CONSTRAINT auth_permission_content_type_id_codename_01ab375a_uniq UNIQUE (content_type_id, codename);


--
-- Name: auth_permission auth_permission_pkey; Type: CONSTRAINT; Schema: public; Owner: byword
--

ALTER TABLE ONLY public.auth_permission
    ADD CONSTRAINT auth_permission_pkey PRIMARY KEY (id);


--
-- Name: auth_user_groups auth_user_groups_pkey; Type: CONSTRAINT; Schema: public; Owner: byword
--

ALTER TABLE ONLY public.auth_user_groups
    ADD CONSTRAINT auth_user_groups_pkey PRIMARY KEY (id);


--
-- Name: auth_user_groups auth_user_groups_user_id_group_id_94350c0c_uniq; Type: CONSTRAINT; Schema: public; Owner: byword
--

ALTER TABLE ONLY public.auth_user_groups
    ADD CONSTRAINT auth_user_groups_user_id_group_id_94350c0c_uniq UNIQUE (user_id, group_id);


--
-- Name: auth_user auth_user_pkey; Type: CONSTRAINT; Schema: public; Owner: byword
--

ALTER TABLE ONLY public.auth_user
    ADD CONSTRAINT auth_user_pkey PRIMARY KEY (id);


--
-- Name: auth_user_user_permissions auth_user_user_permissions_pkey; Type: CONSTRAINT; Schema: public; Owner: byword
--

ALTER TABLE ONLY public.auth_user_user_permissions
    ADD CONSTRAINT auth_user_user_permissions_pkey PRIMARY KEY (id);


--
-- Name: auth_user_user_permissions auth_user_user_permissions_user_id_permission_id_14a6b632_uniq; Type: CONSTRAINT; Schema: public; Owner: byword
--

ALTER TABLE ONLY public.auth_user_user_permissions
    ADD CONSTRAINT auth_user_user_permissions_user_id_permission_id_14a6b632_uniq UNIQUE (user_id, permission_id);


--
-- Name: auth_user auth_user_username_key; Type: CONSTRAINT; Schema: public; Owner: byword
--

ALTER TABLE ONLY public.auth_user
    ADD CONSTRAINT auth_user_username_key UNIQUE (username);


--
-- Name: byword_activity byword_activity_lesson_id_key; Type: CONSTRAINT; Schema: public; Owner: byword
--

ALTER TABLE ONLY public.byword_activity
    ADD CONSTRAINT byword_activity_lesson_id_key UNIQUE (lesson_id);


--
-- Name: byword_activity byword_activity_pkey; Type: CONSTRAINT; Schema: public; Owner: byword
--

ALTER TABLE ONLY public.byword_activity
    ADD CONSTRAINT byword_activity_pkey PRIMARY KEY (id);


--
-- Name: byword_activityimage byword_activityimage_pkey; Type: CONSTRAINT; Schema: public; Owner: byword
--

ALTER TABLE ONLY public.byword_activityimage
    ADD CONSTRAINT byword_activityimage_pkey PRIMARY KEY (id);


--
-- Name: byword_activityitem byword_activityitem_pkey; Type: CONSTRAINT; Schema: public; Owner: byword
--

ALTER TABLE ONLY public.byword_activityitem
    ADD CONSTRAINT byword_activityitem_pkey PRIMARY KEY (id);


--
-- Name: byword_completethesentence byword_completethesentence_pkey; Type: CONSTRAINT; Schema: public; Owner: byword
--

ALTER TABLE ONLY public.byword_completethesentence
    ADD CONSTRAINT byword_completethesentence_pkey PRIMARY KEY (id);


--
-- Name: byword_crossword byword_crossword_pkey; Type: CONSTRAINT; Schema: public; Owner: byword
--

ALTER TABLE ONLY public.byword_crossword
    ADD CONSTRAINT byword_crossword_pkey PRIMARY KEY (id);


--
-- Name: byword_dictionary byword_dictionary_pkey; Type: CONSTRAINT; Schema: public; Owner: byword
--

ALTER TABLE ONLY public.byword_dictionary
    ADD CONSTRAINT byword_dictionary_pkey PRIMARY KEY (id);


--
-- Name: byword_dictionary byword_dictionary_verb_en_key; Type: CONSTRAINT; Schema: public; Owner: byword
--

ALTER TABLE ONLY public.byword_dictionary
    ADD CONSTRAINT byword_dictionary_verb_en_key UNIQUE (verb_en);


--
-- Name: byword_dictionaryoccurrence byword_dictionaryoccurre_dictionary_id_content_ty_b9b41f43_uniq; Type: CONSTRAINT; Schema: public; Owner: byword
--

ALTER TABLE ONLY public.byword_dictionaryoccurrence
    ADD CONSTRAINT byword_dictionaryoccurre_dictionary_id_content_ty_b9b41f43_uniq UNIQUE (dictionary_id, content_type_id, object_id);


--
-- Name: byword_dictionaryoccurrence byword_dictionaryoccurrence_pkey; Type: CONSTRAINT; Schema: public; Owner: byword
--

ALTER TABLE ONLY public.byword_dictionaryoccurrence
    ADD CONSTRAINT byword_dictionaryoccurrence_pkey PRIMARY KEY (id);


--
-- Name: byword_lesson byword_lesson_number_key; Type: CONSTRAINT; Schema: public; Owner: byword
--

ALTER TABLE ONLY public.byword_lesson
    ADD CONSTRAINT byword_lesson_number_key UNIQUE (number);


--
-- Name: byword_lesson byword_lesson_pkey; Type: CONSTRAINT; Schema: public; Owner: byword
--

ALTER TABLE ONLY public.byword_lesson
    ADD CONSTRAINT byword_lesson_pkey PRIMARY KEY (id);


--
-- Name: byword_music byword_music_lesson_id_title_author_520e0427_uniq; Type: CONSTRAINT; Schema: public; Owner: byword
--

ALTER TABLE ONLY public.byword_music
    ADD CONSTRAINT byword_music_lesson_id_title_author_520e0427_uniq UNIQUE (lesson_id, title, author);


--
-- Name: byword_music byword_music_pkey; Type: CONSTRAINT; Schema: public; Owner: byword
--

ALTER TABLE ONLY public.byword_music
    ADD CONSTRAINT byword_music_pkey PRIMARY KEY (id);


--
-- Name: byword_reference byword_reference_pkey; Type: CONSTRAINT; Schema: public; Owner: byword
--

ALTER TABLE ONLY public.byword_reference
    ADD CONSTRAINT byword_reference_pkey PRIMARY KEY (id);


--
-- Name: byword_scramblesentence byword_scramblesentence_pkey; Type: CONSTRAINT; Schema: public; Owner: byword
--

ALTER TABLE ONLY public.byword_scramblesentence
    ADD CONSTRAINT byword_scramblesentence_pkey PRIMARY KEY (id);


--
-- Name: byword_scrambleword byword_scrambleword_pkey; Type: CONSTRAINT; Schema: public; Owner: byword
--

ALTER TABLE ONLY public.byword_scrambleword
    ADD CONSTRAINT byword_scrambleword_pkey PRIMARY KEY (id);


--
-- Name: byword_lessontext byword_slide_pkey; Type: CONSTRAINT; Schema: public; Owner: byword
--

ALTER TABLE ONLY public.byword_lessontext
    ADD CONSTRAINT byword_slide_pkey PRIMARY KEY (id);


--
-- Name: byword_verse byword_verse_pkey; Type: CONSTRAINT; Schema: public; Owner: byword
--

ALTER TABLE ONLY public.byword_verse
    ADD CONSTRAINT byword_verse_pkey PRIMARY KEY (id);


--
-- Name: byword_word byword_word_pkey; Type: CONSTRAINT; Schema: public; Owner: byword
--

ALTER TABLE ONLY public.byword_word
    ADD CONSTRAINT byword_word_pkey PRIMARY KEY (id);


--
-- Name: byword_wordsearch byword_wordsearch_pkey; Type: CONSTRAINT; Schema: public; Owner: byword
--

ALTER TABLE ONLY public.byword_wordsearch
    ADD CONSTRAINT byword_wordsearch_pkey PRIMARY KEY (id);


--
-- Name: django_admin_log django_admin_log_pkey; Type: CONSTRAINT; Schema: public; Owner: byword
--

ALTER TABLE ONLY public.django_admin_log
    ADD CONSTRAINT django_admin_log_pkey PRIMARY KEY (id);


--
-- Name: django_content_type django_content_type_app_label_model_76bd3d3b_uniq; Type: CONSTRAINT; Schema: public; Owner: byword
--

ALTER TABLE ONLY public.django_content_type
    ADD CONSTRAINT django_content_type_app_label_model_76bd3d3b_uniq UNIQUE (app_label, model);


--
-- Name: django_content_type django_content_type_pkey; Type: CONSTRAINT; Schema: public; Owner: byword
--

ALTER TABLE ONLY public.django_content_type
    ADD CONSTRAINT django_content_type_pkey PRIMARY KEY (id);


--
-- Name: django_migrations django_migrations_pkey; Type: CONSTRAINT; Schema: public; Owner: byword
--

ALTER TABLE ONLY public.django_migrations
    ADD CONSTRAINT django_migrations_pkey PRIMARY KEY (id);


--
-- Name: django_session django_session_pkey; Type: CONSTRAINT; Schema: public; Owner: byword
--

ALTER TABLE ONLY public.django_session
    ADD CONSTRAINT django_session_pkey PRIMARY KEY (session_key);


--
-- Name: finance_financialstatus finance_financialstatus_pkey; Type: CONSTRAINT; Schema: public; Owner: byword
--

ALTER TABLE ONLY public.finance_financialstatus
    ADD CONSTRAINT finance_financialstatus_pkey PRIMARY KEY (id);


--
-- Name: finance_financialstatus finance_financialstatus_student_id_reference_mon_76c285a4_uniq; Type: CONSTRAINT; Schema: public; Owner: byword
--

ALTER TABLE ONLY public.finance_financialstatus
    ADD CONSTRAINT finance_financialstatus_student_id_reference_mon_76c285a4_uniq UNIQUE (student_id, reference_month);


--
-- Name: finance_payment finance_payment_pkey; Type: CONSTRAINT; Schema: public; Owner: byword
--

ALTER TABLE ONLY public.finance_payment
    ADD CONSTRAINT finance_payment_pkey PRIMARY KEY (id);


--
-- Name: byword_activityitem unique_activity_item; Type: CONSTRAINT; Schema: public; Owner: byword
--

ALTER TABLE ONLY public.byword_activityitem
    ADD CONSTRAINT unique_activity_item UNIQUE (activity_id, content_type_id, object_id);


--
-- Name: byword_word unique_word_per_wordsearch; Type: CONSTRAINT; Schema: public; Owner: byword
--

ALTER TABLE ONLY public.byword_word
    ADD CONSTRAINT unique_word_per_wordsearch UNIQUE (wordsearch_id, text);


--
-- Name: academic_classprice_class_obj_id_e9879069; Type: INDEX; Schema: public; Owner: byword
--

CREATE INDEX academic_classprice_class_obj_id_e9879069 ON public.academic_classprice USING btree (class_obj_id);


--
-- Name: academic_classschedule_class_obj_id_64fb6c52; Type: INDEX; Schema: public; Owner: byword
--

CREATE INDEX academic_classschedule_class_obj_id_64fb6c52 ON public.academic_classschedule USING btree (class_obj_id);


--
-- Name: academic_enrollment_class_obj_id_357543ab; Type: INDEX; Schema: public; Owner: byword
--

CREATE INDEX academic_enrollment_class_obj_id_357543ab ON public.academic_enrollment USING btree (class_obj_id);


--
-- Name: academic_enrollment_student_id_6cb548a3; Type: INDEX; Schema: public; Owner: byword
--

CREATE INDEX academic_enrollment_student_id_6cb548a3 ON public.academic_enrollment USING btree (student_id);


--
-- Name: accounts_studentprofile_enrollment_number_e69a3a68_like; Type: INDEX; Schema: public; Owner: byword
--

CREATE INDEX accounts_studentprofile_enrollment_number_e69a3a68_like ON public.accounts_studentprofile USING btree (enrollment_number varchar_pattern_ops);


--
-- Name: accounts_studentstatushistory_student_id_33614d27; Type: INDEX; Schema: public; Owner: byword
--

CREATE INDEX accounts_studentstatushistory_student_id_33614d27 ON public.accounts_studentstatushistory USING btree (student_id);


--
-- Name: auth_group_name_a6ea08ec_like; Type: INDEX; Schema: public; Owner: byword
--

CREATE INDEX auth_group_name_a6ea08ec_like ON public.auth_group USING btree (name varchar_pattern_ops);


--
-- Name: auth_group_permissions_group_id_b120cbf9; Type: INDEX; Schema: public; Owner: byword
--

CREATE INDEX auth_group_permissions_group_id_b120cbf9 ON public.auth_group_permissions USING btree (group_id);


--
-- Name: auth_group_permissions_permission_id_84c5c92e; Type: INDEX; Schema: public; Owner: byword
--

CREATE INDEX auth_group_permissions_permission_id_84c5c92e ON public.auth_group_permissions USING btree (permission_id);


--
-- Name: auth_permission_content_type_id_2f476e4b; Type: INDEX; Schema: public; Owner: byword
--

CREATE INDEX auth_permission_content_type_id_2f476e4b ON public.auth_permission USING btree (content_type_id);


--
-- Name: auth_user_groups_group_id_97559544; Type: INDEX; Schema: public; Owner: byword
--

CREATE INDEX auth_user_groups_group_id_97559544 ON public.auth_user_groups USING btree (group_id);


--
-- Name: auth_user_groups_user_id_6a12ed8b; Type: INDEX; Schema: public; Owner: byword
--

CREATE INDEX auth_user_groups_user_id_6a12ed8b ON public.auth_user_groups USING btree (user_id);


--
-- Name: auth_user_user_permissions_permission_id_1fbb5f2c; Type: INDEX; Schema: public; Owner: byword
--

CREATE INDEX auth_user_user_permissions_permission_id_1fbb5f2c ON public.auth_user_user_permissions USING btree (permission_id);


--
-- Name: auth_user_user_permissions_user_id_a95ead1b; Type: INDEX; Schema: public; Owner: byword
--

CREATE INDEX auth_user_user_permissions_user_id_a95ead1b ON public.auth_user_user_permissions USING btree (user_id);


--
-- Name: auth_user_username_6821ab7c_like; Type: INDEX; Schema: public; Owner: byword
--

CREATE INDEX auth_user_username_6821ab7c_like ON public.auth_user USING btree (username varchar_pattern_ops);


--
-- Name: byword_activityimage_lesson_id_a3ff487e; Type: INDEX; Schema: public; Owner: byword
--

CREATE INDEX byword_activityimage_lesson_id_a3ff487e ON public.byword_activityimage USING btree (lesson_id);


--
-- Name: byword_activityitem_activity_id_78c34343; Type: INDEX; Schema: public; Owner: byword
--

CREATE INDEX byword_activityitem_activity_id_78c34343 ON public.byword_activityitem USING btree (activity_id);


--
-- Name: byword_activityitem_content_type_id_ec56fbc1; Type: INDEX; Schema: public; Owner: byword
--

CREATE INDEX byword_activityitem_content_type_id_ec56fbc1 ON public.byword_activityitem USING btree (content_type_id);


--
-- Name: byword_completethesentence_lesson_id_cd1fe2ad; Type: INDEX; Schema: public; Owner: byword
--

CREATE INDEX byword_completethesentence_lesson_id_cd1fe2ad ON public.byword_completethesentence USING btree (lesson_id);


--
-- Name: byword_dict_content_6458da_idx; Type: INDEX; Schema: public; Owner: byword
--

CREATE INDEX byword_dict_content_6458da_idx ON public.byword_dictionaryoccurrence USING btree (content_type_id, object_id);


--
-- Name: byword_dictionary_verb_en_64884920_like; Type: INDEX; Schema: public; Owner: byword
--

CREATE INDEX byword_dictionary_verb_en_64884920_like ON public.byword_dictionary USING btree (verb_en varchar_pattern_ops);


--
-- Name: byword_dictionaryoccurrence_content_type_id_385f8f29; Type: INDEX; Schema: public; Owner: byword
--

CREATE INDEX byword_dictionaryoccurrence_content_type_id_385f8f29 ON public.byword_dictionaryoccurrence USING btree (content_type_id);


--
-- Name: byword_dictionaryoccurrence_dictionary_id_02215e9a; Type: INDEX; Schema: public; Owner: byword
--

CREATE INDEX byword_dictionaryoccurrence_dictionary_id_02215e9a ON public.byword_dictionaryoccurrence USING btree (dictionary_id);


--
-- Name: byword_dictionaryoccurrence_lesson_id_d595ad20; Type: INDEX; Schema: public; Owner: byword
--

CREATE INDEX byword_dictionaryoccurrence_lesson_id_d595ad20 ON public.byword_dictionaryoccurrence USING btree (lesson_id);


--
-- Name: byword_lessontext_lesson_id_82740371; Type: INDEX; Schema: public; Owner: byword
--

CREATE INDEX byword_lessontext_lesson_id_82740371 ON public.byword_lessontext USING btree (lesson_id);


--
-- Name: byword_music_lesson_id_d9916729; Type: INDEX; Schema: public; Owner: byword
--

CREATE INDEX byword_music_lesson_id_d9916729 ON public.byword_music USING btree (lesson_id);


--
-- Name: byword_reference_lesson_id_3144b3f8; Type: INDEX; Schema: public; Owner: byword
--

CREATE INDEX byword_reference_lesson_id_3144b3f8 ON public.byword_reference USING btree (lesson_id);


--
-- Name: byword_scramblesentence_lesson_id_39c094cd; Type: INDEX; Schema: public; Owner: byword
--

CREATE INDEX byword_scramblesentence_lesson_id_39c094cd ON public.byword_scramblesentence USING btree (lesson_id);


--
-- Name: byword_scrambleword_lesson_id_5b36d8a4; Type: INDEX; Schema: public; Owner: byword
--

CREATE INDEX byword_scrambleword_lesson_id_5b36d8a4 ON public.byword_scrambleword USING btree (lesson_id);


--
-- Name: byword_verse_lesson_id_3418f2e1; Type: INDEX; Schema: public; Owner: byword
--

CREATE INDEX byword_verse_lesson_id_3418f2e1 ON public.byword_verse USING btree (lesson_id);


--
-- Name: byword_verse_reference_id_ff243888; Type: INDEX; Schema: public; Owner: byword
--

CREATE INDEX byword_verse_reference_id_ff243888 ON public.byword_verse USING btree (reference_id);


--
-- Name: byword_word_wordsearch_id_b5390351; Type: INDEX; Schema: public; Owner: byword
--

CREATE INDEX byword_word_wordsearch_id_b5390351 ON public.byword_word USING btree (wordsearch_id);


--
-- Name: byword_wordsearch_lesson_id_56233811; Type: INDEX; Schema: public; Owner: byword
--

CREATE INDEX byword_wordsearch_lesson_id_56233811 ON public.byword_wordsearch USING btree (lesson_id);


--
-- Name: django_admin_log_content_type_id_c4bce8eb; Type: INDEX; Schema: public; Owner: byword
--

CREATE INDEX django_admin_log_content_type_id_c4bce8eb ON public.django_admin_log USING btree (content_type_id);


--
-- Name: django_admin_log_user_id_c564eba6; Type: INDEX; Schema: public; Owner: byword
--

CREATE INDEX django_admin_log_user_id_c564eba6 ON public.django_admin_log USING btree (user_id);


--
-- Name: django_session_expire_date_a5c62663; Type: INDEX; Schema: public; Owner: byword
--

CREATE INDEX django_session_expire_date_a5c62663 ON public.django_session USING btree (expire_date);


--
-- Name: django_session_session_key_c0390e0f_like; Type: INDEX; Schema: public; Owner: byword
--

CREATE INDEX django_session_session_key_c0390e0f_like ON public.django_session USING btree (session_key varchar_pattern_ops);


--
-- Name: finance_financialstatus_student_id_3ab6f10a; Type: INDEX; Schema: public; Owner: byword
--

CREATE INDEX finance_financialstatus_student_id_3ab6f10a ON public.finance_financialstatus USING btree (student_id);


--
-- Name: finance_payment_class_obj_id_98152c53; Type: INDEX; Schema: public; Owner: byword
--

CREATE INDEX finance_payment_class_obj_id_98152c53 ON public.finance_payment USING btree (class_obj_id);


--
-- Name: finance_payment_student_id_07a30e9c; Type: INDEX; Schema: public; Owner: byword
--

CREATE INDEX finance_payment_student_id_07a30e9c ON public.finance_payment USING btree (student_id);


--
-- Name: academic_classprice academic_classprice_class_obj_id_e9879069_fk_academic_class_id; Type: FK CONSTRAINT; Schema: public; Owner: byword
--

ALTER TABLE ONLY public.academic_classprice
    ADD CONSTRAINT academic_classprice_class_obj_id_e9879069_fk_academic_class_id FOREIGN KEY (class_obj_id) REFERENCES public.academic_class(id) DEFERRABLE INITIALLY DEFERRED;


--
-- Name: academic_classschedule academic_classschedu_class_obj_id_64fb6c52_fk_academic_; Type: FK CONSTRAINT; Schema: public; Owner: byword
--

ALTER TABLE ONLY public.academic_classschedule
    ADD CONSTRAINT academic_classschedu_class_obj_id_64fb6c52_fk_academic_ FOREIGN KEY (class_obj_id) REFERENCES public.academic_class(id) DEFERRABLE INITIALLY DEFERRED;


--
-- Name: academic_enrollment academic_enrollment_class_obj_id_357543ab_fk_academic_class_id; Type: FK CONSTRAINT; Schema: public; Owner: byword
--

ALTER TABLE ONLY public.academic_enrollment
    ADD CONSTRAINT academic_enrollment_class_obj_id_357543ab_fk_academic_class_id FOREIGN KEY (class_obj_id) REFERENCES public.academic_class(id) DEFERRABLE INITIALLY DEFERRED;


--
-- Name: academic_enrollment academic_enrollment_student_id_6cb548a3_fk_accounts_; Type: FK CONSTRAINT; Schema: public; Owner: byword
--

ALTER TABLE ONLY public.academic_enrollment
    ADD CONSTRAINT academic_enrollment_student_id_6cb548a3_fk_accounts_ FOREIGN KEY (student_id) REFERENCES public.accounts_studentprofile(id) DEFERRABLE INITIALLY DEFERRED;


--
-- Name: accounts_studentprofile accounts_studentprofile_user_id_04a48d2e_fk_auth_user_id; Type: FK CONSTRAINT; Schema: public; Owner: byword
--

ALTER TABLE ONLY public.accounts_studentprofile
    ADD CONSTRAINT accounts_studentprofile_user_id_04a48d2e_fk_auth_user_id FOREIGN KEY (user_id) REFERENCES public.auth_user(id) DEFERRABLE INITIALLY DEFERRED;


--
-- Name: accounts_studentstatushistory accounts_studentstat_student_id_33614d27_fk_accounts_; Type: FK CONSTRAINT; Schema: public; Owner: byword
--

ALTER TABLE ONLY public.accounts_studentstatushistory
    ADD CONSTRAINT accounts_studentstat_student_id_33614d27_fk_accounts_ FOREIGN KEY (student_id) REFERENCES public.accounts_studentprofile(id) DEFERRABLE INITIALLY DEFERRED;


--
-- Name: auth_group_permissions auth_group_permissio_permission_id_84c5c92e_fk_auth_perm; Type: FK CONSTRAINT; Schema: public; Owner: byword
--

ALTER TABLE ONLY public.auth_group_permissions
    ADD CONSTRAINT auth_group_permissio_permission_id_84c5c92e_fk_auth_perm FOREIGN KEY (permission_id) REFERENCES public.auth_permission(id) DEFERRABLE INITIALLY DEFERRED;


--
-- Name: auth_group_permissions auth_group_permissions_group_id_b120cbf9_fk_auth_group_id; Type: FK CONSTRAINT; Schema: public; Owner: byword
--

ALTER TABLE ONLY public.auth_group_permissions
    ADD CONSTRAINT auth_group_permissions_group_id_b120cbf9_fk_auth_group_id FOREIGN KEY (group_id) REFERENCES public.auth_group(id) DEFERRABLE INITIALLY DEFERRED;


--
-- Name: auth_permission auth_permission_content_type_id_2f476e4b_fk_django_co; Type: FK CONSTRAINT; Schema: public; Owner: byword
--

ALTER TABLE ONLY public.auth_permission
    ADD CONSTRAINT auth_permission_content_type_id_2f476e4b_fk_django_co FOREIGN KEY (content_type_id) REFERENCES public.django_content_type(id) DEFERRABLE INITIALLY DEFERRED;


--
-- Name: auth_user_groups auth_user_groups_group_id_97559544_fk_auth_group_id; Type: FK CONSTRAINT; Schema: public; Owner: byword
--

ALTER TABLE ONLY public.auth_user_groups
    ADD CONSTRAINT auth_user_groups_group_id_97559544_fk_auth_group_id FOREIGN KEY (group_id) REFERENCES public.auth_group(id) DEFERRABLE INITIALLY DEFERRED;


--
-- Name: auth_user_groups auth_user_groups_user_id_6a12ed8b_fk_auth_user_id; Type: FK CONSTRAINT; Schema: public; Owner: byword
--

ALTER TABLE ONLY public.auth_user_groups
    ADD CONSTRAINT auth_user_groups_user_id_6a12ed8b_fk_auth_user_id FOREIGN KEY (user_id) REFERENCES public.auth_user(id) DEFERRABLE INITIALLY DEFERRED;


--
-- Name: auth_user_user_permissions auth_user_user_permi_permission_id_1fbb5f2c_fk_auth_perm; Type: FK CONSTRAINT; Schema: public; Owner: byword
--

ALTER TABLE ONLY public.auth_user_user_permissions
    ADD CONSTRAINT auth_user_user_permi_permission_id_1fbb5f2c_fk_auth_perm FOREIGN KEY (permission_id) REFERENCES public.auth_permission(id) DEFERRABLE INITIALLY DEFERRED;


--
-- Name: auth_user_user_permissions auth_user_user_permissions_user_id_a95ead1b_fk_auth_user_id; Type: FK CONSTRAINT; Schema: public; Owner: byword
--

ALTER TABLE ONLY public.auth_user_user_permissions
    ADD CONSTRAINT auth_user_user_permissions_user_id_a95ead1b_fk_auth_user_id FOREIGN KEY (user_id) REFERENCES public.auth_user(id) DEFERRABLE INITIALLY DEFERRED;


--
-- Name: byword_activity byword_activity_lesson_id_3e87d000_fk_byword_lesson_id; Type: FK CONSTRAINT; Schema: public; Owner: byword
--

ALTER TABLE ONLY public.byword_activity
    ADD CONSTRAINT byword_activity_lesson_id_3e87d000_fk_byword_lesson_id FOREIGN KEY (lesson_id) REFERENCES public.byword_lesson(id) DEFERRABLE INITIALLY DEFERRED;


--
-- Name: byword_activityimage byword_activityimage_lesson_id_a3ff487e_fk_byword_lesson_id; Type: FK CONSTRAINT; Schema: public; Owner: byword
--

ALTER TABLE ONLY public.byword_activityimage
    ADD CONSTRAINT byword_activityimage_lesson_id_a3ff487e_fk_byword_lesson_id FOREIGN KEY (lesson_id) REFERENCES public.byword_lesson(id) DEFERRABLE INITIALLY DEFERRED;


--
-- Name: byword_activityitem byword_activityitem_activity_id_78c34343_fk_byword_activity_id; Type: FK CONSTRAINT; Schema: public; Owner: byword
--

ALTER TABLE ONLY public.byword_activityitem
    ADD CONSTRAINT byword_activityitem_activity_id_78c34343_fk_byword_activity_id FOREIGN KEY (activity_id) REFERENCES public.byword_activity(id) DEFERRABLE INITIALLY DEFERRED;


--
-- Name: byword_activityitem byword_activityitem_content_type_id_ec56fbc1_fk_django_co; Type: FK CONSTRAINT; Schema: public; Owner: byword
--

ALTER TABLE ONLY public.byword_activityitem
    ADD CONSTRAINT byword_activityitem_content_type_id_ec56fbc1_fk_django_co FOREIGN KEY (content_type_id) REFERENCES public.django_content_type(id) DEFERRABLE INITIALLY DEFERRED;


--
-- Name: byword_completethesentence byword_completethese_lesson_id_cd1fe2ad_fk_byword_le; Type: FK CONSTRAINT; Schema: public; Owner: byword
--

ALTER TABLE ONLY public.byword_completethesentence
    ADD CONSTRAINT byword_completethese_lesson_id_cd1fe2ad_fk_byword_le FOREIGN KEY (lesson_id) REFERENCES public.byword_lesson(id) DEFERRABLE INITIALLY DEFERRED;


--
-- Name: byword_dictionaryoccurrence byword_dictionaryocc_content_type_id_385f8f29_fk_django_co; Type: FK CONSTRAINT; Schema: public; Owner: byword
--

ALTER TABLE ONLY public.byword_dictionaryoccurrence
    ADD CONSTRAINT byword_dictionaryocc_content_type_id_385f8f29_fk_django_co FOREIGN KEY (content_type_id) REFERENCES public.django_content_type(id) DEFERRABLE INITIALLY DEFERRED;


--
-- Name: byword_dictionaryoccurrence byword_dictionaryocc_dictionary_id_02215e9a_fk_byword_di; Type: FK CONSTRAINT; Schema: public; Owner: byword
--

ALTER TABLE ONLY public.byword_dictionaryoccurrence
    ADD CONSTRAINT byword_dictionaryocc_dictionary_id_02215e9a_fk_byword_di FOREIGN KEY (dictionary_id) REFERENCES public.byword_dictionary(id) DEFERRABLE INITIALLY DEFERRED;


--
-- Name: byword_dictionaryoccurrence byword_dictionaryocc_lesson_id_d595ad20_fk_byword_le; Type: FK CONSTRAINT; Schema: public; Owner: byword
--

ALTER TABLE ONLY public.byword_dictionaryoccurrence
    ADD CONSTRAINT byword_dictionaryocc_lesson_id_d595ad20_fk_byword_le FOREIGN KEY (lesson_id) REFERENCES public.byword_lesson(id) DEFERRABLE INITIALLY DEFERRED;


--
-- Name: byword_lessontext byword_lessontext_lesson_id_82740371_fk_byword_lesson_id; Type: FK CONSTRAINT; Schema: public; Owner: byword
--

ALTER TABLE ONLY public.byword_lessontext
    ADD CONSTRAINT byword_lessontext_lesson_id_82740371_fk_byword_lesson_id FOREIGN KEY (lesson_id) REFERENCES public.byword_lesson(id) DEFERRABLE INITIALLY DEFERRED;


--
-- Name: byword_music byword_music_lesson_id_d9916729_fk_byword_lesson_id; Type: FK CONSTRAINT; Schema: public; Owner: byword
--

ALTER TABLE ONLY public.byword_music
    ADD CONSTRAINT byword_music_lesson_id_d9916729_fk_byword_lesson_id FOREIGN KEY (lesson_id) REFERENCES public.byword_lesson(id) DEFERRABLE INITIALLY DEFERRED;


--
-- Name: byword_reference byword_reference_lesson_id_3144b3f8_fk_byword_lesson_id; Type: FK CONSTRAINT; Schema: public; Owner: byword
--

ALTER TABLE ONLY public.byword_reference
    ADD CONSTRAINT byword_reference_lesson_id_3144b3f8_fk_byword_lesson_id FOREIGN KEY (lesson_id) REFERENCES public.byword_lesson(id) DEFERRABLE INITIALLY DEFERRED;


--
-- Name: byword_scramblesentence byword_scramblesentence_lesson_id_39c094cd_fk_byword_lesson_id; Type: FK CONSTRAINT; Schema: public; Owner: byword
--

ALTER TABLE ONLY public.byword_scramblesentence
    ADD CONSTRAINT byword_scramblesentence_lesson_id_39c094cd_fk_byword_lesson_id FOREIGN KEY (lesson_id) REFERENCES public.byword_lesson(id) DEFERRABLE INITIALLY DEFERRED;


--
-- Name: byword_scrambleword byword_scrambleword_lesson_id_5b36d8a4_fk_byword_lesson_id; Type: FK CONSTRAINT; Schema: public; Owner: byword
--

ALTER TABLE ONLY public.byword_scrambleword
    ADD CONSTRAINT byword_scrambleword_lesson_id_5b36d8a4_fk_byword_lesson_id FOREIGN KEY (lesson_id) REFERENCES public.byword_lesson(id) DEFERRABLE INITIALLY DEFERRED;


--
-- Name: byword_verse byword_verse_lesson_id_3418f2e1_fk_byword_lesson_id; Type: FK CONSTRAINT; Schema: public; Owner: byword
--

ALTER TABLE ONLY public.byword_verse
    ADD CONSTRAINT byword_verse_lesson_id_3418f2e1_fk_byword_lesson_id FOREIGN KEY (lesson_id) REFERENCES public.byword_lesson(id) DEFERRABLE INITIALLY DEFERRED;


--
-- Name: byword_verse byword_verse_reference_id_ff243888_fk_byword_reference_id; Type: FK CONSTRAINT; Schema: public; Owner: byword
--

ALTER TABLE ONLY public.byword_verse
    ADD CONSTRAINT byword_verse_reference_id_ff243888_fk_byword_reference_id FOREIGN KEY (reference_id) REFERENCES public.byword_reference(id) DEFERRABLE INITIALLY DEFERRED;


--
-- Name: byword_word byword_word_wordsearch_id_b5390351_fk_byword_wordsearch_id; Type: FK CONSTRAINT; Schema: public; Owner: byword
--

ALTER TABLE ONLY public.byword_word
    ADD CONSTRAINT byword_word_wordsearch_id_b5390351_fk_byword_wordsearch_id FOREIGN KEY (wordsearch_id) REFERENCES public.byword_wordsearch(id) DEFERRABLE INITIALLY DEFERRED;


--
-- Name: byword_wordsearch byword_wordsearch_lesson_id_56233811_fk_byword_lesson_id; Type: FK CONSTRAINT; Schema: public; Owner: byword
--

ALTER TABLE ONLY public.byword_wordsearch
    ADD CONSTRAINT byword_wordsearch_lesson_id_56233811_fk_byword_lesson_id FOREIGN KEY (lesson_id) REFERENCES public.byword_lesson(id) DEFERRABLE INITIALLY DEFERRED;


--
-- Name: django_admin_log django_admin_log_content_type_id_c4bce8eb_fk_django_co; Type: FK CONSTRAINT; Schema: public; Owner: byword
--

ALTER TABLE ONLY public.django_admin_log
    ADD CONSTRAINT django_admin_log_content_type_id_c4bce8eb_fk_django_co FOREIGN KEY (content_type_id) REFERENCES public.django_content_type(id) DEFERRABLE INITIALLY DEFERRED;


--
-- Name: django_admin_log django_admin_log_user_id_c564eba6_fk_auth_user_id; Type: FK CONSTRAINT; Schema: public; Owner: byword
--

ALTER TABLE ONLY public.django_admin_log
    ADD CONSTRAINT django_admin_log_user_id_c564eba6_fk_auth_user_id FOREIGN KEY (user_id) REFERENCES public.auth_user(id) DEFERRABLE INITIALLY DEFERRED;


--
-- Name: finance_financialstatus finance_financialsta_student_id_3ab6f10a_fk_accounts_; Type: FK CONSTRAINT; Schema: public; Owner: byword
--

ALTER TABLE ONLY public.finance_financialstatus
    ADD CONSTRAINT finance_financialsta_student_id_3ab6f10a_fk_accounts_ FOREIGN KEY (student_id) REFERENCES public.accounts_studentprofile(id) DEFERRABLE INITIALLY DEFERRED;


--
-- Name: finance_payment finance_payment_class_obj_id_98152c53_fk_academic_class_id; Type: FK CONSTRAINT; Schema: public; Owner: byword
--

ALTER TABLE ONLY public.finance_payment
    ADD CONSTRAINT finance_payment_class_obj_id_98152c53_fk_academic_class_id FOREIGN KEY (class_obj_id) REFERENCES public.academic_class(id) DEFERRABLE INITIALLY DEFERRED;


--
-- Name: finance_payment finance_payment_student_id_07a30e9c_fk_accounts_; Type: FK CONSTRAINT; Schema: public; Owner: byword
--

ALTER TABLE ONLY public.finance_payment
    ADD CONSTRAINT finance_payment_student_id_07a30e9c_fk_accounts_ FOREIGN KEY (student_id) REFERENCES public.accounts_studentprofile(id) DEFERRABLE INITIALLY DEFERRED;


--
-- PostgreSQL database dump complete
--

\unrestrict UEpgC0cjoOcEu1bsIqimUgtajnTa5vXIPDewFnFUXqL9bgARGp1ZF951AAhewsg

